language,code,family,true_value,true_upper_limit,sim_upper_limit,lower_limit,mean
'Are'are,area1240,Austronesian,0.53333,0.53333,0.2429,0,0.0639891
ASF_Auslan,aust1271,Other,0.88654,0.88654,0.34819,0.02281,0.10639997
Abui,abui1241,Other,0,0,0,0,0
Achinese,achi1257,Austronesian,0,0,0,0,0
Aché,ache1246,Tupian,0.27205,0.38644,0.38644,0.05458,0.1592848
Adang,adan1251,Other,0.00157,0.24147,0.24147,0.00157,0.02954699
Adnyamathanha,adny1235,Pama-Nyungan,1.15564,1.15564,0.72098,0.10222,0.29596185
Aghul,aghu1253,Nakh-Daghestanian,0.9183,0.9183,0.40031,0.05763,0.14969087
Agob-Ende-Kawam,agob1244,Other,0,0,0,0,0
Aguaruna,agua1253,Other,0.9183,0.9183,0.6008,0.10917,0.23245279
Akhvakh_Northern_Akhvakh_,akhv1239,Nakh-Daghestanian,0.91829,0.91829,0.5187,0.26019,0.30570051
Akkadian,akka1240,Afro-Asiatic,0,0,0,0,0
Aklanon,akla1241,Austronesian,0.88654,0.88654,0.38684,0.05781,0.14499359
Alamblak,alam1246,Other,0,0,0,0,0
Alangan,alan1249,Austronesian,0.88654,0.88654,0.27136,0.00218,0.05146676
Albanian,alba1267,Indo-European,0.91829,0.91829,0.77911,0.2645,0.38889050000000003
Albanian_Tosk_,tosk1239,Indo-European,0.91829,0.91829,0.43922,0.15905,0.24276025
Alyawarr,alya1239,Pama-Nyungan,1.5,1.5,0.96886,0.14193,0.4569267
Amanab,aman1265,Other,1.11459,1.11459,0.91127,0.27447,0.51971078
Amharic,amha1245,Afro-Asiatic,1.58497,1.58497,0.58913,0.11924,0.24126385
Amis,amis1246,Austronesian,0,0,0,0,0
Ampibabo_Lauje,ampi1237,Austronesian,0.88654,0.88654,0.30712,0.02281,0.10712384
An-ah'-ne-lin_(Gros_Ventres_of_Prairie),gros1243,Algic,0,0,0,0,0
Anambé,anam1249,Tupian,0,0,0,0,0
Ancient_Greek,anci1242,Indo-European,0.9183,0.9183,0.51595,0.01625,0.14592023
Andi,andi1255,Nakh-Daghestanian,1.00794,1.00794,0.58073,0.32312,0.38516029
Anejom,anei1239,Austronesian,0.50869,0.50869,0.42616,0.02442,0.16806828
Angaite,anga1316,Other,0,0,0,0,0
Aniwa,aniw1237,Austronesian,1.53012,1.53012,1.05131,0.22368,0.55383528
Anuta,anut1237,Austronesian,7.3e-4,0.27471,0.27471,7.3e-4,0.04692028
Arabana,arab1267,Pama-Nyungan,1,1,0.73346,0,0.145816785
Arabana,arab1267a,Pama-Nyungan,0,1,0.73346,0,0.145816785
Araki,arak1252,Austronesian,0.76304,0.879,0.879,0.21807000000000001,0.44336173
Araweté,araw1273,Tupian,1.3037,1.3037,1.2666,0.34936,0.67957499
Archi,arch1244,Nakh-Daghestanian,0.91829,0.91829,0.7265,0.2645,0.38848898
Aria_(Mouk-Aria),mouk1240a,Austronesian,0,0,0,0,0
Arikara_(Arickaree),arik1262,Other,0,0,0,0,0
Arizona_Yaqui,yaqu1251a,Uto-Aztecan,0,0,0,0,0
Armenian,nucl1235,Indo-European,2.25163,2.25163,1.2976,0.4773,0.81018431
Arosi,aros1241,Austronesian,0.98523,0.98523,0.98523,0.07417,0.21847576
Asera,aser1237,Austronesian,0,0,0,0,0
Assamese,assa1263,Indo-European,1.5,1.5,0.97935,0.28492,0.57320624
Assiniboine_(Asiniboine),assi1247,Other,0,0,0,0,0
Asu_Tanzania_,asut1235,Atlantic-Congo,0.9183,0.9183,0.89391,0.40738,0.6116718
Atayal,atay1247,Austronesian,0,0,0,0,0
Atchin,atch1238,Austronesian,0.90487,0.90487,0.51569,0.05443,0.15488144
Atoni_(Uab_Meto),uabm1237,Austronesian,0.99256,0.99256,0.79095,0.09833,0.38660501
Atsugewi,atsu1245,Other,0.72193,0.72193,0.72193,0.24449,0.27983013
Atta,atta1244,Austronesian,0,0,0,0,0
Au,auuu1241,Other,0,0,0,0,0
Avar,avar1256,Nakh-Daghestanian,0.9183,0.9183,0.55751,0.2645,0.34148591
Avar_Ancux_,ancu1238,Nakh-Daghestanian,0.9183,0.9183,0.54922,0.2645,0.34497219
Avar_Andalal_,anda1281,Nakh-Daghestanian,1.00794,1.00794,0.62145,0.32312,0.38526782
Avar_Batlux_,batl1238,Nakh-Daghestanian,0.9183,0.9183,0.44613,0.10917,0.19366059
Avar_Hid_dialect_,hidd1238,Nakh-Daghestanian,0.91829,0.91829,0.50978,0.26019,0.30645098
Avatime,avat1244,Atlantic-Congo,0,0,0,0,0
Avava,katb1237a,Austronesian,0,0,0,0,0
Avava_(Bangasa_Dialect),katb1237,Austronesian,1.53012,1.53012,1.00647,0.40468,0.58733296
Avava_(Niviar_Dialect),katb1237b,Austronesian,1.57662,1.57662,1.10007,0.20418,0.46932891
Avaz_Khunzakh_,kunz1243,Nakh-Daghestanian,0.9183,0.9183,0.48305,0.17686,0.25106566
Avestan,aves1237,Indo-European,0,0,0,0,0
Avá_Canoeiro,avac1239,Tupian,0,0,0,0,0
Awa,imbo1238,Other,0,0,0,0,0
Awetí,awet1244,Tupian,0.91829,0.91829,0.60212,0.30104,0.40974235
Awiakay,awia1234,Other,1.18969,1.18969,1.06991,0.45476,0.69889086
Ayiwo,ayiw1239,Austronesian,0.93211,0.93211,0.65146,0.12482,0.3527178
Ayoreo,ayor1240,Other,0.61749,0.65368,0.65368,0.20121,0.31268431
Aztec,clas1250,Uto-Aztecan,0,0,0,0,0
Bacanese_Malay_(Bacan),baca1243,Austronesian,0.96023,0.96023,0.55412,0.11929,0.27491145
Badimaya,badi1246,Pama-Nyungan,0,0,0,0,0
"Baffin_Inuktitut_(Eskimo,_Northumberland_Inlet)",baff1241,Other,0,0,0,0,0
Bafia,bafi1243,Atlantic-Congo,0,0,0,0,0
Bahonsuai,baho1237,Austronesian,0,0,0,0,0
Bahvalal,bagv1239,Nakh-Daghestanian,0.91829,0.91829,0.5187,0.26019,0.30826573
Balaesang,bala1314,Austronesian,0,0,0,0,0
Balangao,bala1310,Austronesian,0,0,0,0,0
Bali_Congo_,bali1274,Atlantic-Congo,0,0,0,0,0
Bali_DRC_,bali1275,Atlantic-Congo,0,0,0,0,0
Balinese,bali1278,Austronesian,0.23646,0.35016,0.35016,0.05717,0.14861931
Balochi,balo1260,Indo-European,1.2244,1.2244,0.54456,0.03255,0.19413438
Bamun,bamu1253,Atlantic-Congo,0,0,0,0,0
Bandjalang,band1339,Pama-Nyungan,1.52205,1.52205,1.06703,0.37858,0.60860129
Banjar,banj1239,Austronesian,0.88654,0.88654,0.3895,0.02281,0.1080268
Bannock,bann1248,Uto-Aztecan,0,0,0,0,0
Bannoni,bann1247,Austronesian,0.88654,0.88654,0.18149,0.00218,0.031858199999999996
Barabet_(Hano),hano1246a,Austronesian,7.3e-4,0.35288,0.35288,7.3e-4,0.04645459
Bardi,bard1254,Other,0,0,0,0,0
Bari,bari1297,Other,0.91829,0.91829,0.46658,0.05791,0.17689855
Bario_Kelabit,bari1288,Austronesian,0.88654,0.88654,0.33073,0.00218,0.03418322
Barok_(Karu),baro1253,Austronesian,0.99679,0.99679,0.75615,0.00647,0.19012951
Baruya,baru1267,Other,0,0,0,0,0
Basque,basq1248,Other,0.91829,0.9183,0.62289,0.05791,0.242319975
Basque,west1508,Other,0.9183,0.9183,0.62289,0.05791,0.242319975
Batak_Toba,bata1289,Austronesian,0.51305,0.78268,0.78268,0.15268,0.38691216
Batanga,bata1285,Atlantic-Congo,2.9183,2.9183,2.31372,1.95915,2.06302647
Bats_Tsova_Tush_,bats1242,Nakh-Daghestanian,0.91829,0.91829,0.52042,0.26019,0.30798601999999997
Baure,baur1253,Arawakan,0,0,0,0,0
Belarusian,bela1254,Indo-European,0.9183,0.9183,0.5345,0.01625,0.14370281000000001
Bemba,bemb1257,Atlantic-Congo,0.98523,0.98523,0.57277,0.23777,0.32107537
Bena_Tanzania_,bena1262,Atlantic-Congo,1.23034,1.23034,0.84133,0.23224,0.45716368
Bende,bend1258,Atlantic-Congo,0.98523,0.98523,0.57277,0.31899,0.38353458
Bengali,beng1280,Indo-European,2.4183,2.4183,1.57945,0.87011,1.20616024
Bera,bera1259,Atlantic-Congo,0.9183,0.9183,0.49569,0.19138,0.30430789
Berik,beri1254,Other,0,0,0,0,0
Bezhta,bezh1248,Nakh-Daghestanian,0.91829,0.91829,0.76163,0.27017,0.38678702
Biak,biak1248,Austronesian,0,0,0,0,0
Bierebo,bier1244,Austronesian,0,0,0,0,0
Big_Nambas,bign1238,Austronesian,1.24696,1.24696,1.04907,0,0.260748735
Big_Nambas,bign1238a,Austronesian,0,1.24696,1.04907,0,0.260748735
Bihari,biha1245,Indo-European,0,0,0,0,0
Bila,bila1255,Atlantic-Congo,1.58496,1.58496,0.87213,0.27008,0.48213307
Bilibil,bilb1241,Austronesian,1.58219,1.58219,0.53598,0.01975,0.17641228
Bilua,bilu1245,Other,0,0,0,0,0
Bindal,bind1236,Pama-Nyungan,0,0,0,0,0
Bininj_Kun-wok,gunw1252,Other,0,0,0,0,0
Binukid_(Talaandig-Binukid),binu1244,Austronesian,0.24269,0.47637,0.47637,0.07509,0.18440439
Birhor,birh1242,Austroasiatic,0.72193,0.72193,0.72193,0.10161,0.25368994
Biri,biri1256,Pama-Nyungan,1.52193,1.52193,0.87298,0.14274,0.34698871
Bit,bitt1240,Austroasiatic,0.44759,0.44759,0.38533,0.20048,0.23408436999999999
Blagar,blag1240,Other,0.74249,0.74249,0.32489,9.1e-4,0.07125361
Blood_Siksika_(Blood_Blackfoot),bloo1239,Algic,0,0,0,0,0
Boano_(Sulawesi),boan1243,Austronesian,0.99679,0.99679,0.37687,0,0.08904355
Boers,afri1274,Indo-European,0.9183,0.9183,0.47804,0.01625,0.14651445
Bontok,bont1247,Austronesian,0.88654,0.88654,0.27136,0.00218,0.04857448
Breton,bret1244,Indo-European,0.9183,0.9183,0.457,0.01625,0.14739
Brooke's_Point_Palawano,broo1239,Austronesian,0,0,0,0,0
Brunei-Sabah_Malay_(Malay),saba1263,Austronesian,0.88654,0.88654,0.3763,0.00218,0.04917324
Budukh,budu1248,Nakh-Daghestanian,0.54085,0.54085,0.41114,0.1941,0.23088312
Budza,budz1238,Atlantic-Congo,0,0,0,0,0
Buhid,buhi1245,Austronesian,0.88654,0.88654,0.3763,0.00218,0.05085381
Buin,buin1247,Other,0.99679,0.99679,0.63727,0.01732,0.15222743
Bukat,buka1261,Austronesian,0.88654,0.88654,0.3763,0.00218,0.05344601
Bukusu,buku1249,Atlantic-Congo,0.45915,0.49206,0.49206,0.04132,0.19753033
Bulgarian,bulg1262,Indo-European,0.91829,0.91829,0.73569,0.2645,0.38646595
Buli,buli1256,Austronesian,0.84535,0.84535,0.57418,0.06808,0.21056225
Bunganditj,bung1264,Pama-Nyungan,1.45091,1.45091,0.8453,0.37291,0.54787397
Bungku,bung1269,Austronesian,0.88654,0.88654,0.42609,0.02281,0.10532741
Bunun,bunu1267,Austronesian,0,0,0,0,0
Burmese,nucl1310,Sino-Tibetan,0,0.25163,0.25163,0,0.10773125
Burmese,burm1266,Sino-Tibetan,0.18873,0.25163,0.25163,0,0.10773125
Buru_(Indonesia),buru1303,Austronesian,0,0,0,0,0
Bushoong,bush1247,Atlantic-Congo,0.91829,0.91829,0.57233,0.02055,0.16277728
Butmas-Tur,butm1237,Austronesian,0.04796,0.1863,0.1863,1.5e-4,0.05142903
Bwaidoga,bwai1243,Austronesian,0,0,0,0,0
Cahuilla,cahu1264,Uto-Aztecan,1.6391,1.6391,1.22288,0.48172,0.80576488
Canarese,nucl1305,Dravidian,0,0,0,0,0
Casiguran_Dumagat_Agta,casi1235,Austronesian,0.88654,0.88654,0.37736,0.02281,0.1089799
Cayubaba,cayu1262,Other,0,0,0,0,0
Cayuga,cayu1261,Other,0,0,0,0,0
Cebuano,cebu1242,Austronesian,0.88654,0.88654,0.37736,0.02281,0.10535245
Central_Aymara,cent2142,Other,0,0,0,0,0
Central_Cagayan_Agta,cent2084,Austronesian,0.88654,0.88654,0.48389,0.1104,0.19333458
Central_Kurdish,cent1972,Indo-European,1.9183,1.9183,0.72548,0.06102,0.27995772
Central_Melanau,cent2101,Austronesian,0.88654,0.88654,0.45373,0.1104,0.19441432
Central_Sama,cent2092,Austronesian,0.88654,0.88654,0.45373,0.02281,0.10894048
Central_Subanen_(Subanung),cent2089,Austronesian,0,0,0,0,0
Central_Tagbanwa,cent2090,Austronesian,0.62925,0.62925,0.27474,0.02757,0.0568992
Cha_palaa,chac1249,Other,0,0,0,0,0
Chamalal,cham1309,Nakh-Daghestanian,0.91829,0.91829,0.48379,0.26019,0.30817271
Chamalal_Gigatli_,giga1238,Nakh-Daghestanian,0.91829,0.91829,0.47445,0.26019,0.30569383
Chamarro,cham1312,Austronesian,0.88654,0.88654,0.49903,0.02991,0.15387621
Chavacano,chav1241,Indo-European,0.88654,0.88654,0.5324,0.1157,0.23939885
Cheke_Holo,chek1238,Austronesian,0,0,0,0,0
Chemehuevi,chem1251,Uto-Aztecan,1,1,1,0,0.26594937
Chenchu,chen1255,Dravidian,1.52193,1.52193,1.05967,0.22193,0.56860159
Chepang,chep1245,Sino-Tibetan,0,0,0,0,0
Cherokee,cher1273,Other,0,0,0,0,0
Chickasa,chic1270,Other,0,0,0,0,0
Chimariko,chim1301,Other,0.84535,0.84535,0.37791,0.05726,0.14204909
Chinese,sini1245,Sino-Tibetan,0,0,0,0,0
Chipaya,chip1262,Other,0,0,0,0,0
Chiricahua,mesc1238,Other,0.15835,0.45915,0.45915,0.00813,0.10014191
Chiriguano,east2555,Tupian,1.00163,1.00163,0.67215,0.3657,0.47948691
Choctaw_(1),choc1276,Other,0.12582,0.25163,0.25163,0.06291,0.14374854
Chokwe,chok1245,Atlantic-Congo,0.94566,0.94566,0.53588,0.02236,0.18633918
Chuukese_(Trukese),chuu1238,Austronesian,0,0,0,0,0
Cinta_Larga,cint1239,Tupian,0.92193,0.92193,0.66636,0.14499,0.3774353
Cocama_Cocamilla,coca1259,Tupian,0.6175,0.6175,0.50242,0.08031,0.1867614
Cocopa,coco1261,Other,1.12068,1.15938,1.15938,0.45953,0.73051582
Cofan,cofa1242,Other,0,0,0,0,0
Colloquial_Malay,mala1479,Austronesian,0.31669,0.31669,0.16874,0.00726,0.05285821
Colorado_Ute,utee1244a,Uto-Aztecan,0,0,0,0,0
Comanche,coma1245,Uto-Aztecan,0.62612,0.88324,0.88324,0.23305,0.47023928
Copper_Inuit,copp1244,Other,0,0,0,0,0
Cora,elna1235,Uto-Aztecan,0,0,0,0,0
Cornish,corn1251,Indo-European,0.72193,0.72193,0.72193,0.03227,0.1149492
Cotabato_Manobo,cota1241,Austronesian,0,0,0,0,0
Cree_of_the_Lowlands,cree1272,Algic,0,0,0,0,0
Creek,cree1270,Other,0,0,0,0,0
Crow,crow1244,Other,0,0,0,0,0
Cruzeño,cruz1243,Other,0,0,0,0,0
Cubeo,cube1242,Other,0.5,0.58528,0.58528,0,0.16364961
Cupeño,cupe1243,Uto-Aztecan,1.58419,1.58419,1.09395,0.49505,0.77216363
Cusco_Quechua,cusc1236,Other,1.19818,1.26408,1.26408,0.28452,0.68849132
Czech,czec1258,Indo-European,0.9183,0.9183,0.50308,0.01625,0.14658035
Daakie,port1286,Austronesian,0.54356,0.54356,0.54356,0.11252,0.21446664
Dakaka,daka1243,Austronesian,0.804,0.804,0.58178,0.03646,0.20735053
Dakota_Blackfoot,lako1247,Other,0,0,0,0,0
Dakota_Brule,brul1239,Other,0,0,0,0,0
Dakota_Isauntie,dako1258,Other,0,0,0,0,0
Dalabon,ngal1292,Other,0,0,0,0,0
Dampelas,damp1237,Austronesian,0.88654,0.88654,0.37527,0.02281,0.10881689
Dandami_Maria,dand1238,Dravidian,1.26346,1.26346,1.01723,0.22368,0.47612994
Danish,dani1285,Indo-European,0.91829,0.91829,0.5187,0.26019,0.30754926
Dargwa_Chirag_,chir1284,Nakh-Daghestanian,0.9183,0.9183,0.4371,0.10917,0.1951848
Dargwa_Itsari_,itsa1239,Nakh-Daghestanian,0.9183,0.9183,0.40031,0.10917,0.19665831
Dari,dari1249,Indo-European,2.25163,2.25163,1.19477,0.48335,0.81048412
Daribi,dadi1250,Other,0.93211,0.93211,0.45814,0.00799,0.09676008999999999
De_kwana_Maquiritari_,maqu1238,Cariban,0.17095,0.26899,0.26899,0.0524,0.12447549
Degexit_an,dege1248,Other,0,0,0,0,0
Dehong,deho1238,Tai-Kadai,0,0,0,0,0
Dehu,dehu1237,Austronesian,0,0,0,0,0
Delaware,comm1246,Algic,0,0,0,0,0
DeneTha_South_Slavey_,sout2959,Other,0.9183,0.9183,0.43822,0.17686,0.25148577
Dene_Suliné,chip1261,Other,0.88654,0.88654,0.48598,0.1104,0.19159336999999999
Dharumbal,dhar1248,Pama-Nyungan,0,0,0,0,0
Dharumbal,dhar1248a,Pama-Nyungan,0,0,0,0,0
Dhuwal,dhuw1249,Pama-Nyungan,0.98523,0.98523,0.46957,0,0.18735074
Dhuwal-Dhuwala_(Yolngu),dhuw1248,Pama-Nyungan,1.40299,1.40299,0.59723,0.07483,0.23636711
Digo,digo1243,Atlantic-Congo,1.58497,1.58497,0.77615,0.14004,0.35616735
Ding,ding1239,Atlantic-Congo,0.91829,0.91829,0.43412,0.15905,0.24064981
Diyari,dier1241,Pama-Nyungan,1.54644,1.76094,1.12822,0.23363,0.643785765
Diyari,dier1241a,Pama-Nyungan,1.76094,1.76094,1.12822,0.23363,0.643785765
Djambarrpuyngu,djam1256,Pama-Nyungan,1.5,1.5,0.87762,0.10569,0.28678291
Djinang,djin1253,Pama-Nyungan,1,1.53012,0.90434,0.0366,0.292323715
Djinang,djin1253a,Pama-Nyungan,1.53012,1.53012,0.90434,0.0366,0.292323715
Dobu,dobu1241,Austronesian,0.60359,0.60359,0.40479,7.1e-4,0.05550502
Dogrib,dogr1252,Other,0,0,0,0,0
Dondo,dond1249,Austronesian,0.88654,0.88654,0.37736,0.02281,0.10918164
Doutai,dout1240,Other,0.07834,0.36291,0.36291,0.00421,0.09229888
Duala,dual1243,Atlantic-Congo,1.52193,1.52193,0.85259,0.13775,0.41643151
Duna,duna1248,Other,0.93211,0.93211,0.36943,0.01598,0.15098492
Dupaningan_Agat,dupa1235,Austronesian,0,0,0,0,0
Dutch,dutc1256,Indo-European,0.9183,0.9183,0.58699,0.01625,0.1449571
Duungidjawu,duun1241,Pama-Nyungan,0.7642,0.7642,0.7642,0.02747,0.20557264
Dyirbal,dyir1250,Pama-Nyungan,1.58496,1.58496,1.47589,0.75614,1.06351158
Dzonghka_Lhop,dzon1239,Sino-Tibetan,0,0,0,0,0
Dzonghka_Wang,wang1287,Sino-Tibetan,0,0,0,0,0
Délįne,nort2942,Other,0.79186,0.79186,0.67285,0.20888,0.33426924
East_Ambae_(Lolovoli),east2443,Austronesian,0,0,0,0,0
East_Futuna,east2447,Austronesian,7.3e-4,0.31347,0.31347,7.3e-4,0.04565827
East_Kewa,east2516,Nuclear Trans New Guinea,0.99679,0.99679,0.63882,0.12131,0.22960221
Easter_Islanders,rapa1244,Austronesian,0,0,0,0,0
Eastern_Armenian,east2283,Indo-European,0.91829,0.91829,0.4638,0.26019,0.30999433
Eastern_Pahari_Nepali_,east1436,Indo-European,0,0,0,0,0
Eastern_Yiddish,east2295,Indo-European,0,0,0,0,0
Edopi,edop1238,Other,0.46606,0.46606,0.38435,0.01225,0.12708761
Eipo,eipo1242,Other,1.48451,1.48451,0.95777,0.27797,0.57825889
Ekari,ekar1243,Other,0,0,0,0,0
Ekonda_Mongo,ekon1238,Atlantic-Congo,0.38454,0.38454,0.2718,0.15375,0.18386456
Elamite,elam1244,Other,0,0,0,0,0
Ellice,tuva1244,Austronesian,0.58497,0.58497,0.49416,0.11613,0.23957675
Emae_(Mae),emae1237,Austronesian,0,0,0,0,0
Emau_(Emao_Island),emau1237,Austronesian,0.98247,0.98247,0.62976,0.01116,0.18792943
Emerillon,emer1243,Tupian,0.31128,0.81128,0.81128,0.06128,0.4143142
Ende_(Papua_New_Guinea),ende1235,Other,0.88654,0.88654,0.62088,0.25361,0.373217
English,stan1293,Indo-European,0.88654,0.88654,0.34819,0.02281,0.10474088
Epena,epen1239,Other,0,0,0,0,0
Erave_(South_Kewa),erav1244,Nuclear Trans New Guinea,0.99679,0.99679,0.54375,0.12131,0.23206185
ErzyaMordvin,erzy1239,Uralic,0,0,0,0,0
"Etchemiu,_or_Malisete",male1293,Algic,0,0.25163,0.25163,0,0.07030932
Eudeve,eude1234,Uto-Aztecan,0,0,0,0,0
Eyak,eyak1241,Other,0,0,0,0,0
Fang_EG,fang1246,Atlantic-Congo,0.25163,0.5781,0.5781,0.11613,0.29311644
Fefe,fefe1239,Atlantic-Congo,0.98523,0.98523,0.73453,0.18267,0.40072941
Fijian,fiji1243,Austronesian,0.93211,0.93211,0.62565,0.17986,0.35470589
Fipa,fipa1238,Atlantic-Congo,1.12193,1.12193,0.53338,0.01008,0.1802471
Foi,foii1241,Other,0.4138,0.98523,0.98523,0.12809,0.31444395
Fordata,ford1242,Austronesian,0,0,0,0,0
Fore,fore1270,Other,0,0,0,0,0
ForestEnets,fore1265,Uralic,0,0,0,0,0
Fortsenal_(Kiai),fort1240,Austronesian,0.94566,0.94566,0.63303,4.5e-4,0.16053028
Frisian,fris1239,Indo-European,0.88654,0.88654,0.57502,0.1157,0.24040458
Futuna-Aniwa,futu1245,Austronesian,0.99679,0.99679,0.59755,0.01314,0.160394
Ga'dang,gada1258,Austronesian,0.88654,0.88654,0.3763,0.00218,0.04918569
Gabrielino,tong1329,Uto-Aztecan,0.61751,1.24067,1.24067,0.11427,0.41517701
Galeia_A,gale1259,Other,1.04644,1.04644,0.82937,0.011,0.26782507
Galibi_Carib,gali1262,Cariban,0.98642,1.15728,1.15728,0.35237,0.75395875
Ganda,gand1255,Atlantic-Congo,1.18201,1.18201,1.1675,0.21057,0.52066401
Gane_(Gimán),gane1237,Austronesian,1.2433,1.2433,0.87226,0.26469,0.50032735
Ganggalida,gang1267,Other,0,0,0,0,0
Gayo,gayo1244,Austronesian,0,0,0,0,0
Gela,gela1263,Austronesian,0.26216,0.26216,0.26216,0,0.06625541
German,stan1295,Indo-European,0.88654,0.88654,0.48435,0.02991,0.1505665
Gimi,gimi1243,Other,0.09235,0.54356,0.54356,0,0.15642331
Giryama,giry1241,Atlantic-Congo,1.82307,1.82307,1.15667,0.45144,0.73084165
Godoberi,ghod1238,Nakh-Daghestanian,0.91829,0.91829,0.50978,0.26019,0.30794538
Gogo,gogo1263,Atlantic-Congo,1.28247,1.28247,0.87118,0.18996,0.43333129
Gondi,gond1265,Dravidian,0,0,0,0,0
Gothic,goth1244,Indo-European,0,0,0,0,0
Grand_Pawnee,pawn1254,Other,0,0,0,0,0
Grand_Valley_Dani,lowe1415,Other,0,0,0,0,0
Guajá,guaj1256,Tupian,1.34948,1.34948,1.24196,0.43597,0.7890031
Guarayu,guar1292,Tupian,0.34975,0.49261,0.49261,0.34975,0.41460844
Guarijio,huar1255,Uto-Aztecan,0,0,0,0,0
Gui_(Gwi),gwii1239,Other,0.453,0.50618,0.50618,0.00913,0.0868303
Gujarati,guja1252,Indo-European,2.25163,2.25163,1.41588,0.75116,1.06830453
Gumatj,guma1253,Pama-Nyungan,0.77995,0.77995,0.48207,0.00787,0.11917478
Gumbaynggir,kumb1268,Pama-Nyungan,1.39215,1.39215,0.80401,0.19382,0.41363254
Gunya,guny1241,Pama-Nyungan,0,0,0,0,0
Gupapuyngu,gupa1247,Pama-Nyungan,1.40854,1.40854,0.8175,0.17857,0.43100852
Gurindji,guri1247,Pama-Nyungan,1,1,0.51816,0.09314,0.22618792
Gusii,gusi1247,Atlantic-Congo,0.91829,0.91829,0.54085,0,0.11056815
Guugu_Yimidhirr,gugu1255,Pama-Nyungan,1.5,1.5,1.41079,0.20518,0.671588265
Guugu_Yimidhirr,gugu1255a,Pama-Nyungan,1.01014,1.5,1.41079,0.20518,0.671588265
Gününa_Küne,puel1244,Other,0.91829,0.91829,0.47445,0.15905,0.24621151
Ha,haaa1252,Atlantic-Congo,1.52193,1.52193,1.05533,0.31748,0.57873805
Hanunoo,hanu1241,Austronesian,0.88654,0.88654,0.33073,0.00218,0.05120746
Hare_Indians_or_Tä-nä'-tin-ne,hare1243,Other,0,0,0,0,0
Hausa,haus1257,Afro-Asiatic,0.58496,0.58496,0.447,0.17686,0.25076523
Hawaiians,hawa1245,Austronesian,0.31669,0.52973,0.52973,0.05575,0.19067233
Haya,haya1250,Atlantic-Congo,1.91829,1.91829,0.78826,0.17237,0.43992878
Hehe,hehe1240,Atlantic-Congo,1.45656,1.45656,1.09141,0.35667,0.63659459
Herero,here1253,Atlantic-Congo,0.94566,0.94566,0.53319,0.19003,0.35130754
Hewa,hewa1241,Other,0.93211,0.93211,0.47374,0.00617,0.0933568
Highland_Puebla_Nahuatl,high1278,Uto-Aztecan,0,0,0,0,0
Hiligaynon,hili1240,Austronesian,0.88654,0.88654,0.3763,0.00218,0.05043736
HillMari,west2392,Uralic,0,0,0,0,0
Hindi,hind1269,Indo-European,2.25163,2.25163,1.44942,0.75116,1.06676941
Hinuq,hinu1240,Nakh-Daghestanian,0.91829,0.91829,0.50978,0.26019,0.30863846
Hittite,hitt1242,Indo-European,0.91829,0.91829,0.54085,0,0.15538563
Hiw,hiww1237,Austronesian,0,0,0,0,0
Hopi,hopi1249,Uto-Aztecan,0,0,0,0,0
Hoti_Yuwana_,yuwa1244,Other,0,0,0,0,0
Huastec_Nahuatl,huas1257,Uto-Aztecan,0,0,0,0,0
Huichol,huic1243,Uto-Aztecan,0,0,0,0,0
Huli,huli1244,Other,0.93211,0.93211,0.39493,0.01429,0.15443248
Hungarian,hung1274,Uralic,0,0,0,0,0
Hunzib,hunz1247,Nakh-Daghestanian,0.9183,0.9183,0.54815,0.10917,0.19731295
Hupa,hupa1239,Other,0,0,0,0,0
I'saka_(Krisa),kris1246,Other,0,0,0,0,0
Iau,iauu1242,Other,3.7e-4,0.25705,0.25705,3.7e-4,0.02792658
Ibaloi_(Nabaloi),ibal1244,Austronesian,0.88654,0.88654,0.33073,0.00218,0.04833846
Iban,iban1264,Austronesian,0.88654,0.88654,0.27136,0.00218,0.0531442
Ibanag,iban1267,Austronesian,0.88654,0.88654,0.25158,0.00218,0.04877306
Icelandic,icel1247,Indo-European,0.91829,0.91829,0.37511,0.05791,0.1729342
Ida'an,idaa1241,Austronesian,0.88654,0.88654,0.3895,0.02281,0.11108864
Idi,nucl1597,Other,0,0,0,0,0
Ifaluk_Nuclear_Woleaian_,nucl1479,Austronesian,0,0.14352,0.14352,0,0.01253041
Ifugaw_(Ifugao),ifug1247,Austronesian,0,0,0,0,0
Igbo,nucl1417,Atlantic-Congo,1.52193,1.52193,1.44644,0.46097,0.84122305
Ignaciano,igna1246,Arawakan,0,0,0,0,0
Ili'uun,iliu1237,Austronesian,0.93211,0.93211,0.33539,0.00701,0.09875912
Ilokano,ilok1237,Austronesian,0.88654,0.88654,0.30712,0.02281,0.10436313
Inanwatan_(Suabo),inan1242,Other,0.4984,0.63043,0.63043,0.07077,0.23776309
Indonesian,indo1316,Austronesian,0.88654,0.88654,0.34819,0.02281,0.10617928
Indonesian_Bajau,indo1317,Austronesian,0.88654,0.88654,0.46861,0.08924,0.20210799
Ingrian,ingr1248,Uralic,0.9183,0.9183,0.35343,0.01625,0.13654008
Ingush,ingu1240,Nakh-Daghestanian,0.91829,0.91829,0.46811,0.26019,0.30662645
Inxokvari,inxo1238,Nakh-Daghestanian,0.91829,0.91829,0.52042,0.26019,0.30911188
Iowä,iowa1245,Other,0,0,0,0,0
Iraya,iray1237,Austronesian,0.88654,0.88654,0.33073,0.00218,0.05110573
Irish,iris1253,Indo-European,0.91829,0.91829,0.45785,0.05791,0.17547752
Isirawa,isir1237,Other,1.13894,1.13894,0.61209,0.06166,0.26273724
Isnag,isna1241,Austronesian,0.88654,0.88654,0.27136,0.00218,0.05210541
Italian,ital1282,Indo-European,0.9183,0.9183,0.51142,0.01625,0.1450466
Itbayat,ivat1242,Austronesian,0.88654,0.88654,0.3895,0.02281,0.10456605000000001
Itneg_(Binongan),bino1237,Austronesian,0,0,0,0,0
Itonama,iton1250,Other,0,0,0,0,0
Iwam,iwam1256,Other,0,0,0,0,0
Iyojwa_ja_Chorote,iyoj1235,Other,0,0.5,0.5,0,0.06784168
Jamaican_Creole,jama1262,Indo-European,0.91829,0.91829,0.48379,0.26019,0.30834479
Japanese,nucl1643,Other,0.9183,0.9183,0.44197,0,0.097870285
Japanese,japa1256,Other,0,0.9183,0.44197,0,0.097870285
Jaru,jaru1254,Pama-Nyungan,0.72193,0.72193,0.66212,0.17636,0.34151224
Javanese,java1254,Austronesian,0.88654,0.88654,0.47218,0.25971,0.30019688
Jicarilla,jica1244,Other,1.08496,1.08496,0.69125,0.06534,0.27195357
Jinghpaw,jing1260,Sino-Tibetan,0,0,0,0,0
Jingulu,djin1251,Other,0,0,0,0,0
Judeo_Tat,jude1256,Indo-European,0.91829,0.91829,0.54085,0.26019,0.31082407
Jurúna,juru1256,Tupian,1.32486,1.32486,1.25343,0.47221,0.8219376
Kadai,kada1286,Austronesian,0,0.25163,0.25163,0,0.02653074
Kadar,kada1242,Dravidian,0,0,0,0,0
Kagulu,kagu1239,Atlantic-Congo,0.81128,0.81128,0.49699,0.13793,0.22514559
Kaiwá,kaiw1246,Tupian,0,0,0,0,0
Kala_Lagaw_Ya,kala1377,Pama-Nyungan,7.3e-4,0.28291,0.28291,7.3e-4,0.04592838
"Kalaallisut_(Eskimo,_Greenland)",kala1399,Other,0,0,0,0,0
Kalam,kala1397,Nuclear Trans New Guinea,1.58219,1.58219,0.89917,0.16682,0.46386044
Kalamang,kara1499,Other,1.58219,1.58219,1.22776,0.65018,0.89963721
Kalinga_(Ahin-Kayapa_Kalanguya),ahin1234,Austronesian,0.88654,0.88654,0.34819,0.02281,0.10535003
Kalkatungu,kalk1246,Pama-Nyungan,1.12581,1.12581,0.63559,0.05705,0.25790365
Kamang,kama1365,Other,0.35096,0.49708,0.49708,0.00313,0.12106067
Kamano,kama1370,Other,0.98523,0.98523,0.98523,0.23777,0.34981696
Kamayurá,kama1373,Tupian,0.9183,0.9183,0.60374,0.34784,0.42354277
Kamba,kamb1297,Atlantic-Congo,0.9183,0.9183,0.57019,0.09958,0.20381583
Kambera,kamb1299,Austronesian,0.94908,0.94908,0.79526,0.2235,0.42591928
Kankanaey_(Kankanai),kank1243,Austronesian,0.88654,0.88654,0.29438,0.02281,0.10612901
Kankanay,nort2877,Austronesian,0,0,0,0,0
Kaonde,kaon1241,Atlantic-Congo,0,0,0,0,0
Kapingamarangi,kapi1249,Austronesian,0,0.23466,0.23466,0,0.014138855
Kapingamarangi,kapi1249a,Austronesian,3.7e-4,0.23466,0.23466,0,0.014138855
Karajarri,kara1476,Pama-Nyungan,1.09614,1.09614,0.60381,0.10544,0.27523211
Karen,kare1337,Sino-Tibetan,0,0,0,0,0
Karen_(Pwo_dialect),pwoo1239,Sino-Tibetan,0,0,0,0,0
Karen_(Sgau_dialect),sgaw1245,Sino-Tibetan,0,0,0,0,0
Karitiana,kari1311,Tupian,0.81128,1.06128,1.06128,0.12256,0.55515054
Kariyarra,kari1304,Pama-Nyungan,0.95048,0.95048,0.92759,0.22077,0.50573706
Karok,karo1304,Other,0,0,0,0,0
Kartujarra,kart1247,Pama-Nyungan,0.98418,0.98418,0.65475,0.06411,0.29257435
Karuwali,karr1236,Pama-Nyungan,0,0,0,0,0
Kashaya,kash1280,Other,0.35876,0.84551,0.84551,0.11716,0.40280371
Kashmiri,kash1277,Indo-European,2.25163,2.25163,1.29847,0.44169,0.8069371
Kaskaskia,algo1255,Algic,0,0.25163,0.25163,0,0.06971215
Kaure,kaur1271,Other,0,0,0,0,0
Kaurna,kaur1267,Pama-Nyungan,1.12193,1.12193,0.70078,0.04748,0.218251
Kaw,kans1243,Other,0,0,0,0,0
Kawaiisu,kawa1283,Uto-Aztecan,0,0,0,0,0
Kayabí,kaya1329,Tupian,0.91829,0.91829,0.5212,0.34352,0.38614298
Kayardild,kaya1318,Other,0,0,0,0,0
Kazakh,kaza1248,Turkic,0,0,0,0,0
KazymKhanty,nort2672,Uralic,0.72193,0.72193,0.72193,0.17095,0.32467342
Kazym_Berezover_Suryskarer_Khanty,khan1273,Uralic,0.91829,0.91829,0.50978,0.26019,0.30675706
Kei,keii1239,Austronesian,0,0,0,0,0
Kemiju_(Jate),keya1238,Other,0.98523,0.98523,0.98523,0.23777,0.34204543
Kemtuik,kemt1242,Other,1.77742,1.77742,1.2221,0.51019,0.81412633
Kerewe,kere1283,Atlantic-Congo,0,0,0,0,0
Ket,kett1243,Other,0.84535,0.84535,0.58228,0.04069,0.15689949
Ketengban,kete1254,Other,0,0,0,0,0
Khalkha-Mongolian,mong1331,Other,0,0,0,0,0
Kickapoo_(Kikapoo),kick1244,Algic,0,0,0,0,0
Kikuyu,kiku1240,Atlantic-Congo,1.9183,1.9183,0.66582,0.11586,0.34270182
Kilivila,kili1267,Austronesian,0,0,0,0,0
Kilmeri,kilm1241,Other,0,0,0,0,0
Kimaama,kima1246,Other,0,0.14446,0.14446,0,0.0231323
Kings_Mill_Islands,gilb1244,Austronesian,0,0,0,0,0
Kiowa_Apache,kiow1264,Other,0,0,0,0,0
Kiput,kipu1237,Austronesian,0.88654,0.88654,0.37736,0.02281,0.10537126
Kiraman,kira1248,Other,0,0,0,0,0
Kiwaian,sout2949,Other,0,0,0,0,0
Kodava,koda1255,Dravidian,1,1,0.96141,0.17379,0.37060012
Kodeoha,kode1237,Austronesian,0,0,0,0,0
Kodi,kodi1247,Austronesian,0,0,0,0,0
Kogi,cogu1240,Other,0,0,0,0,0
Koiari,gras1249,Other,0.19681,0.34482,0.34482,0.03628,0.1088418
Kom,komc1235,Atlantic-Congo,1,1,0.41882,0.01879,0.15206101
Komba,komb1273,Nuclear Trans New Guinea,0.93211,0.93211,0.46188,0.06301,0.19046329
Kombai,komb1274,Other,0,0,0,0,0
Komnzo,komn1238,Other,1.25715,1.25715,0.56291,0.07896,0.27522814
Komo_DRC_,komo1260,Atlantic-Congo,1.58497,1.58497,0.79155,0.21524,0.42711639
Konawe,kona1243,Austronesian,0,0,0,0,0
Konda_(Western_Dani),west2594,Other,0,0,0,0,0
Kootenay,kute1249,Other,0.125,0.5,0.5,0.125,0.287625
Korafe,kora1295,Other,0.93211,0.93211,0.57475,0.06043,0.26894359
Koroni,koro1311,Austronesian,0,0,0,0,0
Korowai,koro1312,Other,0,0,0,0,0
Kota,kota1274,Atlantic-Congo,1.32297,1.34233,1.34233,0.48855,0.83331225
Koya,koya1251,Dravidian,1.57262,1.57262,1.14338,0.32848,0.64154227
Kriol_Roper_River,krio1252,Indo-European,0.00249,0.06063,0.06063,0.00249,0.018129660000000002
Kristang_(Malacca_Creole_Portugese),mala1533,Indo-European,0.88654,0.88654,0.52497,0.06722,0.18885286
Ku_Waru,boun1245,Nuclear Trans New Guinea,0,0,0,0,0
Kuanua,kuan1248,Austronesian,1.07047,1.07047,0.61968,0.10104,0.25682439
Kui,kuii1252,Dravidian,1.24644,1.24644,0.99123000000000006,0.26661,0.58614163
Kukatja,kuka1246,Pama-Nyungan,0.25163,0.44803,0.44803,0.11764,0.22909694
Kuku-Yalanji,kuku1273,Pama-Nyungan,0.90933,0.90933,0.49064,0.11618,0.24491503
Kulisusu,kuli1254,Austronesian,0.88654,0.88654,0.28847,0.01691,0.06460516
Kuman,kuma1280,Other,0,0,0,0,0
Kumaoni,kuma1273,Indo-European,0,0,0,0,0
Kumyk,kumy1244,Turkic,0.9183,0.9183,0.54815,0.10917,0.19479854
Kung,juho1239,Other,0,0,0,0,0
Kunimaipa,kuni1267,Other,0,0,0,0,0
Kunjen,kunj1248,Pama-Nyungan,1.03624,1.36957,1.36957,0.64626,0.80915962
Kunza,kunz1244,Other,0,0,0,0,0
Kuot,kuot1243,Other,1.20899,1.20899,0.91852,0.04037,0.42798505
Kurukh,kuru1302,Dravidian,0,0,0,0,0
Kusaien,kosr1238,Austronesian,0,0,0,0,0
Kuuku_Ya'u,kuuk1238,Pama-Nyungan,1.01947,1.01947,0.83213,0.10934,0.34338111
Kuvi,kuvi1243,Dravidian,0.5134,1.05885,1.05885,0.11926,0.42922835
Kwaio,kwai1243,Austronesian,0,0,0,0,0
Kwamera,kwam1252,Austronesian,0.70659,0.70659,0.53247,0.07698,0.19874842
Kwasio,kwas1243,Atlantic-Congo,0.88654,0.88654,0.44939,0.1104,0.19163823
Kwere,kwer1261,Atlantic-Congo,0.96124,0.96124,0.70232000000000006,0.22658,0.33059313
Kwoma,kwom1262,Other,1.36537,1.36537,1.15863,0.45688,0.76457136
Kyaka,kyak1244,Nuclear Trans New Guinea,0.5615,0.5615,0.37634,0.06706,0.14742163
"Kǔtchin,_or_Louchieux",gwic1235,Other,0,0.25163,0.25163,0,0.10971405999999999
Laguna,west2632,Other,0,0,0,0,0
Lahnda,lahn1241,Indo-European,1.92193,1.92193,0.91427,0.14546,0.42371946
Laiwui,laiw1239,Austronesian,0,0,0,0,0
Lala_Bisa,lala1264,Atlantic-Congo,0,0,0,0,0
Lalomerui,lalo1239,Austronesian,0,0,0,0,0
Lamba,lamb1271,Atlantic-Congo,1.17095,1.17095,0.61433,0.03645,0.25404004
Lamogai,lamo1244,Austronesian,0,0,0,0,0
Landewe,land1259,Austronesian,0,0,0,0,0
Langi,lang1320,Atlantic-Congo,1.05885,1.05885,0.64125,0.34849,0.41630745
Lardil,lard1243,Other,1.25716,1.25716,0.58919,0.0976,0.26431755
Larevat,lare1249,Austronesian,1.53012,1.53012,1.04465,0.21399,0.59742074
Latin,lati1261,Indo-European,0.88654,2.22987,0.85372,0.16233,0.423026835
Latin,lati1261a,Indo-European,2.22987,2.22987,0.85372,0.16233,0.423026835
Latvian,latv1249,Indo-European,0.9183,0.9183,0.69785,0.20711,0.36966683
Lau,lauu1247,Austronesian,0,0,0,0,0
Lau_Fijian,laua1243,Austronesian,1.27205,1.27205,0.97535,0.28765,0.59489719
Lauje,lauj1238,Austronesian,0.88654,0.88654,0.41334,0.02281,0.10530594
Lavatbura-lamusong_(Konobin),lava1239,Austronesian,0,0,0,0,0
Lebanese_Arabic,stan1323,Afro-Asiatic,1.58219,1.58219,0.84762,0.17117,0.46485202
Lelepa,lele1267,Austronesian,0.00313,0.41047,0.41047,0.00313,0.08459936
Lenakel,lena1238,Austronesian,0,0,0,0,0
Lengua,leng1262,Other,0,0,0,0,0
Letemboi-Repanbitip,lete1241,Austronesian,0,0,0,0,0
Lewo,lewo1242,Austronesian,0,0,0,0,0
Limilngan,limi1242,Other,0.7642,0.7642,0.7642,0.02747,0.33295441
Lingala,ling1263,Atlantic-Congo,0.9183,0.9183,0.51481,0.19138,0.30483059
Lipan_Apache,lipa1241,Other,0.58497,0.58497,0.44857,0.02559,0.14575692
Lisu,lisu1250a,Sino-Tibetan,0,0.25163,0.25163,0,0.10770107
Lisu,lisu1250b,Sino-Tibetan,0,0.25163,0.25163,0,0.10770107
Lisu,lisu1250c,Sino-Tibetan,0,0.25163,0.25163,0,0.10770107
Lisu,lisu1250d,Sino-Tibetan,0,0.25163,0.25163,0,0.10770107
Lithuanian,lith1251,Indo-European,1.02206,1.02206,0.5195,0.02346,0.20178112
Lo-Toga_(Loh),loto1240,Austronesian,0.10078,0.34259,0.34259,0.00517,0.0930222
Loloda-Laba_(Loda),lolo1264,Other,0.12582,0.25163,0.25163,0,0.11160138
Loniu,loni1238,Austronesian,0.01012,0.49261,0.49261,0,0.11090762
Lonwolwol,lonw1238,Austronesian,0,0,0,0,0
Lower_Pima_Pima_Bajo,pima1248,Uto-Aztecan,0,0,0,0,0
Lozi,lozi1239,Atlantic-Congo,0.21692,0.66857,0.66857,0.12464,0.23428293
Luangiua_(Ontong_Java),onto1237,Austronesian,3.7e-4,0.22904,0.22904,3.7e-4,0.02869374
Luba_Katanga,luba1250,Atlantic-Congo,0,0,0,0,0
Luba_Lulua,luba1249,Atlantic-Congo,0.68872,0.68872,0.37419,0.00764,0.1041724
Lubuagan_Kalinga,lubu1243,Austronesian,0,0,0,0,0
Luburua_(Kara),lubu1242,Austronesian,0.94566,0.94566,0.94566,0.00343,0.23572685
Luguru,lugu1238,Atlantic-Congo,1.72193,1.72193,0.94702,0.25982,0.56202227
Luiseńo,luis1253,Uto-Aztecan,1.82193,1.82193,1.13104,0.48298,0.70959517
Lunda,lund1266,Atlantic-Congo,1.5,1.5,0.92801,0.18373,0.46866426
Luvale,luva1239,Atlantic-Congo,1,1,0.57057,0.12884,0.20039542
Luxembourgish,luxe1241,Indo-European,0.9183,0.9183,0.31669,0.01393,0.1019499
Ma'anyan,maan1238,Austronesian,0.88654,0.88654,0.3895,0.02281,0.10550662
Maba_(Indonesia),maba1278,Austronesian,0.86625,0.86625,0.57863,0.10789,0.25043659
Maca,maca1260,Other,0,0,0,0,0
Macedonian,mace1250,Indo-European,0.9183,0.9183,0.66293,0.18117,0.31657187
Macushi,macu1259,Cariban,0.84535,0.84535,0.41131,0.20718,0.25175173
Madak_(Konnos),mada1284,Austronesian,0.98819,0.98819,0.85543,0.03174,0.3013369
Madole,modo1249,Other,0.62925,0.62925,0.43839,0.02772,0.12966287
Madurese,nucl1460,Austronesian,0.88654,0.88654,0.39595,0.0648,0.14518922
Mafea_(Mavea),mafe1237,Austronesian,0.96331,0.96331,0.57043,0.05178,0.23109568
Magam,maga1262,Austronesian,0,0,0,0,0
Maguindanao_(Magindonao_Moro),magu1243,Austronesian,0.79186,0.79186,0.55706,0.07467,0.14906348
Mahasu_Pahari,maha1287,Indo-European,0,0,0,0,0
Mairasi,nucl1594,Other,7.3e-4,0.34992,0.34992,7.3e-4,0.04541787
Maithili,mait1250,Indo-European,2.25163,2.25163,1.34565,0.58449,0.93251273
Maklew,makl1246,Other,0,0,0,0,0
Makonde,mako1251,Atlantic-Congo,0.31669,0.31669,0.31669,0.00726,0.05126604
Mala,mala1294,Other,0,0,0,0,0
Malapandaram,mala1468,Dravidian,1.25163,1.25163,0.90649,0.16667,0.48092135
Malayalam,mala1464,Dravidian,0,0,0,0,0
Malgana,malg1242,Pama-Nyungan,0,0,0,0,0
Malgana,malg1242a,Pama-Nyungan,0,0,0,0,0
Mali,mali1284,Other,0,0,0,0,0
Malua_Bay,malu1245,Austronesian,1.53012,1.53012,1.10906,0.31285,0.53482433
Manam,mana1295,Austronesian,0,0,0,0,0
Manange,mana1288,Sino-Tibetan,0.87398,0.88605,0.88605,0.11109,0.4294793
Mandan,mand1446,Other,0,0,0,0,0
Mangaia,mang1402,Austronesian,0,0,0,0,0
Mangarevans,mang1401,Austronesian,0.65564,0.89054,0.89054,0.2475,0.48227699
Mangei_(Sobjo),mang1407,Austronesian,0.98523,0.98523,0.78478,0.04812,0.26954868
Manggarai,mang1405,Austronesian,0,0,0,0,0
Mansi,mans1258,Uralic,0.91829,0.91829,0.48379,0.26019,0.30626876
Maori,maor1246,Austronesian,0.00547,0.44322,0.44322,0.00547,0.09385214
Mapudungun,mapu1245,Other,0.91829,0.91829,0.43709,0.05791,0.17887530000000001
Maragus_(Tape),mara1399,Austronesian,0,0,0,0,0
Maranao_(Lanao_Moro),mara1404,Austronesian,0.88654,0.88654,0.42609,0.02281,0.10427193
Marathi,mara1378,Indo-European,2.25163,2.25163,1.29383,0.59625,0.93594725
Margany,marg1253,Pama-Nyungan,0,0,0,0,0
Mari,east2328,Uralic,0,0,0,0,0
Marind,nucl1622,Other,0.80083,0.80083,0.54407,0.1395,0.30434507
Marquesas,marq1246,Austronesian,0,0,0,0,0
Marra,mara1385,Other,0,0,0,0,0
Marshallese,mars1254,Austronesian,0,0,0,0,0
MartuWangka,mart1256,Pama-Nyungan,1.19975,1.19975,0.70262,0.07879,0.30341288
Marwari_India_,marw1260,Indo-European,2.05881,2.05881,1.41886,0.60568,0.92959631
Masaaba,masa1299,Atlantic-Congo,1.40564,1.40564,1.28921,0.2404,0.72788477
Mashco_Piro,mash1270,Arawakan,0,0,0,0,0
Maskelynes,mask1242,Austronesian,0.54198,0.61115,0.61115,0.00955,0.13074629000000001
Mattole,matt1238,Other,0,0,0,0,0
Matukar,matu1261,Austronesian,0.88654,0.88654,0.3038,0.0648,0.14428816
Maybrat,maib1239,Other,0.93211,0.93211,0.51612,0.02927,0.20908109
Mayo,mayo1264,Uto-Aztecan,0,0,0,0,0
Mbala,mbal1257,Atlantic-Congo,0.5615,0.5615,0.34911,0.11309,0.19852484
Mbere,mber1257,Atlantic-Congo,0.72548,0.9943,0.9943,0.1271,0.40296131
Mblafe,mbla1238,Other,0,0,0,0,0
Mbuun,mpuo1241,Atlantic-Congo,0.91829,0.91829,0.41786,0.05791,0.17650158
Mbyá_Guaraní,mbya1239,Tupian,0,0,0,0,0
MeadowMari,gras1239,Uralic,0,0,0,0,0
Mekeo,meke1243,Austronesian,0,0,0,0,0
Mekongga,meko1237,Austronesian,0,0,0,0,0
Mele-Fila_(Ifira-Mele),mele1250,Austronesian,0.88654,0.88654,0.47407,0.04576,0.1474971
Menomine,meno1252,Algic,0,0,0,0,0
Menui,menu1237,Austronesian,0,0,0,0,0
Meriam,meri1244,Other,0.46606,0.46606,0.31411,6.3e-4,0.06306312
Merlav,merl1237,Austronesian,0.48062,0.48062,0.4126,0.04527,0.11304151
Meru,meru1245,Atlantic-Congo,2.25163,2.25163,1.79558,1.20949,1.47062603
Meta,meta1238,Atlantic-Congo,0,0,0,0,0
Meyah,meya1236,Other,0,0,0,0,0
Miami,miam1252,Algic,0,0,0,0,0
Miani,mian1254,Other,0,0,0,0,0
Middle_English,midd1317,Indo-European,0.91829,0.91829,0.54344,0,0.15917166
Middle_High_German,midd1343,Indo-European,1.8366,1.8366,0.91915,0.08431,0.36942223
Midob,mido1240,Other,2,2,1.17923,0.37378,0.77398584
Miemac,mikm1235,Algic,0.06291,0.25163,0.25163,0.06291,0.14286783
Minangkabau,mina1268,Austronesian,0,0,0,0,0
Miningir_(Lunga),mini1251,Austronesian,0.88654,0.88654,0.45583,0.0648,0.14591922
Minnitaree,hida1246,Other,0.12582,0.25163,0.25163,0.12582,0.17847385000000002
Mocoví,moco1246,Other,0.31669,0.31669,0.31669,0.05144,0.09721955
Modern_Greek,mode1248,Indo-European,0.9183,0.9183,0.50188,0.01625,0.14483421
Modern_Welsh,wels1247,Indo-European,0.9183,0.9183,0.46198,0.01625,0.14548043
Mohawk,moha1258,Other,0,0,0,0,0
Mohegan,mohe1244,Algic,0,0,0,0,0
Mokpwe,mokp1239,Atlantic-Congo,0.9183,0.9183,0.60708,0.03077,0.20236626
MokshaMordvin,moks1248,Uralic,0,0,0,0,0
Momu-Fas,fass1245,Other,0.93661,0.93661,0.44194,0.00862,0.1493906
Mongo,mong1338,Atlantic-Congo,0.88443,0.88443,0.6297,0.20027,0.36829855
Moni,moni1261,Other,0,0,0,0,0
Mono,mono1275,Uto-Aztecan,0,0,0,0,0
Mono-Alu,mono1273,Austronesian,0,0,0,0,0
Monumbo,nucl1458,Other,0,0,0,0,0
Mori_Atas,mori1269,Austronesian,0,0,0,0,0
Mori_Bawah,mori1268,Austronesian,0.88654,0.88654,0.3895,0.02281,0.10585743
Moronene,moro1287,Austronesian,0.88654,0.88654,0.38364,0.01691,0.0648057
Mortlockese,mort1237,Austronesian,0.88654,0.88654,0.57581,0.02991,0.15534949
Mosetén_Chimané,mose1249,Other,0,0,0,0,0
Mota,mota1237,Austronesian,1.53012,1.53012,0.87049,0.15103,0.39095061
Motu,motu1246,Austronesian,0,0,0,0,0
Mouk,mouk1240,Austronesian,0.64234,0.66581,0.66581,0.03563,0.21440944
Movima,movi1243,Other,0,0,0,0,0
Mudburra,mudb1240,Pama-Nyungan,1,1,0.51017,0.09314,0.22173931
Muduapa_(Vitu),mudu1242,Austronesian,0.4984,0.4984,0.43699,0.00658,0.09828267
Muisca_Chibcha_,chib1270,Other,0,0,0,0,0
Muna,muna1247,Austronesian,0.88654,0.88654,0.37736,0.02281,0.10465504
Mundurukú,mund1330,Tupian,1.0538,1.43457,1.43457,0.56038,0.94049805
Mungaka,mung1266,Atlantic-Congo,0,0,0,0,0
Munggava_(Rennell),mung1271,Austronesian,0.99679,0.99679,0.76,0.06167,0.30216241
Mungiki_(Bellona),mung1270,Austronesian,0,0,0,0,0
Munsee,muns1251,Algic,0,0,0,0,0
Murrinhpatha,murr1258,Other,0.93211,0.93211,0.42152,0.00549,0.09641017
Muruwari,muru1266,Pama-Nyungan,1.09307,1.09307,0.96772,0.11506,0.41219715
Mussau-Emira,muss1246,Austronesian,0,0,0,0,0
Mwotlap,motl1237,Austronesian,7.3e-4,0.27962,0.27962,7.3e-4,0.04635917
Myene,myen1241,Atlantic-Congo,1.51655,1.51655,1.02734,0.40849,0.66916628
Nafsan,sout2856,Austronesian,0,0,0,0,0
Nage,nage1237,Austronesian,0,0,0,0,0
Nagovisi,sibe1248,Other,0,0,0,0,0
Nahavaq,sout2857,Austronesian,0,0,0,0,0
Nakanai,naka1262,Austronesian,0.00193,0.39082,0.39082,0.00193,0.06792117
Nalik_(Lukuramau),nali1244,Austronesian,0.96796,0.96796,0.71303,0.02507,0.21143192
Nalik_(Madina),nali1244b,Austronesian,0.88446,0.88446,0.58191,0.00397,0.17073524
Nama,nama1266,Other,0.84303,0.86487,0.86487,0.16899,0.42235615
Namakura,nama1268,Austronesian,0.23646,0.469,0.469,0,0.075625155
Namakura,nama1268b,Austronesian,0,0.469,0.469,0,0.075625155
Naman,litz1237,Austronesian,1.53012,1.53012,1.10496,0.19216,0.59720636
Nambo,namb1293,Other,0,0,0,0,0
Nanggu,nang1262,Austronesian,0.49261,0.49261,0.49261,0.06404,0.24646818
Nasioi,naas1242,Other,0,0,0,0,0
Navajo,nava1243,Other,1.15956,1.15956,1.02626,0.39321,0.56101704
Negerhollands,nege1244,Indo-European,0,0,0,0,0
Negwa_(Yagwoia),yagw1240,Other,0,0,0,0,0
Nehan,neha1247,Austronesian,0.99679,0.99679,0.62676,4.9e-4,0.25812363
Neme,neme1244,Other,0,0,0,0,0
Nen,nenn1238,Other,0,0,0,0,0
Nen,nenn1238a,Other,0,0,0,0,0
Nengone,neng1238,Austronesian,0.14585,0.49487,0.49487,0.04455,0.15567873
Nepali,nepa1254,Indo-European,1.0958,1.0958,1.0958,0.25356,0.48613957
Nese,nese1235,Austronesian,0.7642,0.7642,0.7642,0.02747,0.21424736
Netsilik,nets1241,Other,0.43449,0.84943,0.84943,0.16968,0.36884965
Neve'ei,vinm1237,Austronesian,1.49201,1.49201,1.01307,0.16969,0.5265023
Neverver,ling1265,Austronesian,1.10308,1.10308,0.91909,0.34946,0.53329609
Ngaanyatjarra,ngaa1240,Pama-Nyungan,1,1,0.6037,0.09314,0.29215962
Ngadjumaya,ngad1258,Pama-Nyungan,0,0,0,0,0
Nganasan,ngan1291,Uralic,0,0,0,0,0
Ngarinyman,ngar1235,Pama-Nyungan,1,1,0.6391,0.09314,0.22357615
Ngarla,ngar1286,Pama-Nyungan,0,0,0,0,0
Ngarluma,ngar1287,Pama-Nyungan,0,0,0,0,0
Ngarrindjeri,narr1259,Pama-Nyungan,0.41997,0.72193,0.72193,0.1058,0.23957128
Ngiyambaa,wang1291,Pama-Nyungan,0.9183,0.9183,0.47503,0.10917,0.19603649
Ngoni,ngon1269,Atlantic-Congo,0,0,0,0,0
Ngulu,ngul1246,Atlantic-Congo,0.19716,0.62638,0.62638,0.02025,0.20340044
Nguna,ngun1274,Austronesian,1.40352,1.40352,0.75322,0.03102,0.32297917
Nhanta,nhan1238,Pama-Nyungan,1.52193,1.52193,0.69321,0.0845,0.29582284
Nimboran,nucl1633,Other,0.75498,0.75498,0.60179,0.05093,0.2624269
Ninam,nina1238,Other,0.13983,0.19753,0.19753,0.00215,0.07104567
Niuafo'ou,niua1240,Austronesian,0,0,0,0,0
Niueans,niue1239,Austronesian,0,0.19076,0.19076,0,0.040817730000000003
Nivacle,niva1238,Other,0.62925,0.62925,0.36973,0.04744,0.09668892
Njebi,njeb1242,Atlantic-Congo,0.72193,0.72193,0.72193,0.17095,0.46517332
Nogai,noga1249,Turkic,0.9183,0.9183,0.47445,0.17686,0.25455764
NorthMuyu,nort2916,Other,0,0,0,0,0
North_Ambrym,nort2839,Austronesian,1.05885,1.05885,0.87341,0.13773,0.39477753
North_Azerbaijani,nort2697,Turkic,0.91829,0.91829,0.51776,0.26019,0.30743388
"North_Efate_(Nguna,_Nakanamanga)",nort2836,Austronesian,0,0,0,0,0
North_Marquesan,nort2845,Austronesian,0.17208,0.90088,0.90088,0.11103,0.35360064
North_Northern_Paiute,nort1551,Uto-Aztecan,0,0,0,0,0
North_Tanna,nort2847,Austronesian,0.94566,0.94566,0.7574,0.00108,0.18858833
Northeastern_Maidu,nort2952,Other,1.12581,1.12581,0.66332,0.1568,0.31937331
Northern_Embera,nort2972,Other,0.9183,0.9183,0.44613,0.10917,0.19768325
Northern_Gondi,nort2702,Dravidian,0,0,0,0,0
Northern_Haida,nort2938,Other,0,0,0,0,0
Northern_Kurdish,nort2641,Indo-European,2.25163,2.25163,1.2675,0.44169,0.8034874399999999
Northern_Ojibwa,nort2961,Algic,1.09307,1.14791,1.14791,0.40666,0.71927476
Northern_Paiute,nort2954,Uto-Aztecan,0,0,0,0,0
Northern_Pomo,nort2966,Other,1.49491,1.49491,1.36969,0.59608,0.8843230400000001
Northern_Sami,nort2671,Uralic,2.58497,2.58497,1.33385,0.68899,0.97561247
Northern_Tepehuan,nort2959,Uto-Aztecan,0,0,0,0,0
Northwestern_Maidu,nort2951,Other,1.23639,1.23639,0.97505,0.13291,0.45952131
Norwegian_Bokmål,norw1259,Indo-European,0.9183,0.9183,0.56581,0.01625,0.14536862
Nsong,song1299,Atlantic-Congo,0.9183,0.9183,0.35035,0.01625,0.1389478
Numbami,numb1247,Austronesian,1.02165,1.02165,0.9859,0.37101,0.61487823
Nunamiut,nort2944,Other,0.9183,0.9183,0.61937,0.06271,0.1906313
Nungon,yaum1237,Other,0,0,0,0,0
Nuu_Chah_Nulth,nuuc1236,Other,0,0,0,0,0
Nyakyusa,nyak1260,Atlantic-Congo,1.85856,1.85856,1.69902,0.53041,0.98284963
Nyamal,nyam1271,Pama-Nyungan,0.99679,0.99679,0.80841,0.13469,0.29877591
Nyangumarta,nyan1301,Pama-Nyungan,1,1,0.51816,0.09314,0.22471097
Nyawaygi,nyaw1247,Pama-Nyungan,0,0,0,0,0
Nyoro,nyor1246,Atlantic-Congo,2.27784,2.27784,1.20613,0.49384,0.80442956
Nyulnyul,nyul1247,Other,0.79186,0.79186,0.37267,0.05088,0.1334756
O_du,oduu1239,Austroasiatic,0,0.2651,0.2651,0,0.12251675000000001
Ojibwa_Kansas,ojib1241,Algic,0,0.25163,0.25163,0,0.06811325
Ojibwa_Lake_Michigan,uppe1274,Algic,0.06291,0.25163,0.25163,0.05459,0.10396367999999999
Okinaken,okan1243,Salishan,0,0,0,0,0
Olal,olal1237,Austronesian,1.34646,1.34646,0.84365,0.06765,0.32540305
Old_Aramaic,olda1245,Afro-Asiatic,1,1,0.44053,0.04119,0.2354152
Old_Church_Slavonic,chur1257,Indo-European,0,0,0,0,0
Old_English_ca_450_1100_,olde1238,Indo-European,1.45656,1.45656,0.99013,0.18478,0.39169537
Old_Irish,oldi1245,Indo-European,1.25163,1.25163,0.87678,0,0.28259763
Old_Norse,oldn1244,Indo-European,1.5,1.5,0.92995,0.07943,0.38356428
Old_Prussian,prus1238,Indo-European,0,0,0,0,0
Old_Rapa_(Rapa),rapa1245,Austronesian,0,0,0,0,0
Old_Russian,oldr1238,Indo-European,1,1,0.72167,0.04718,0.24780001000000001
Old_Welsh,oldw1239,Indo-European,0.72193,0.72193,0.72193,0.03227,0.1131723
Omahä,omah1247,Other,0,0,0,0,0
Oneida,onei1249,Other,0,0,0,0,0
Onobasulu,onob1238,Other,0.36064,0.53421,0.53421,0.05138,0.20532454
Onondaga,onon1246,Other,0,0,0,0,0
Opata,opat1246,Uto-Aztecan,0.91829,0.91829,0.60846,0.25038,0.38610863
Oriya,oriy1255,Indo-European,2.34964,2.34964,1.53113,0.846,1.13539326
Osage,osag1243,Other,0,0,0,0,0
Ossetian,osse1243,Indo-European,1.91829,1.91829,0.83623,0.11721,0.35034762
Ossetic,osse1245,Indo-European,0,0,0,0,0
Otoe,otoo1241,Other,0,0,0,0,0
Ottowa_Ojibwa,otta1242,Algic,0,0,0,0,0
Owa_(Santa_Ana),owaa1237,Austronesian,0,0,0,0,0
Paakantyi,darl1243,Pama-Nyungan,1,1,0.73346,0.20443,0.38172473
Pacoh,paco1243,Austroasiatic,0,0,0,0,0
Padoe,pado1242,Austronesian,0,0,0,0,0
Pagu,pagu1249,Other,0.98523,0.98523,0.5774,0.03775,0.18119898
Paici,paic1239,Austronesian,1.07396,1.07396,0.42924,0.00582,0.09504408
Paiwan,paiw1248,Austronesian,0,0,0,0,0
Palauan,pala1344,Austronesian,0.99679,0.99679,0.67314,0.00132,0.20166364
Paliyan,pali1274,Dravidian,1,1,0.81896,0.17379,0.3685474
Paluai,balu1257,Austronesian,0.93211,0.93211,0.58843,0.02488,0.21133758
Pama_(Paamanese),paam1238,Austronesian,0,0,0,0,0
Pampanga_(Kampampangan),pamp1243,Austronesian,0.88654,0.88654,0.37527,0.02281,0.10614212
Panare,enap1235,Cariban,1.02206,1.02206,0.67868,0.07046,0.27090059
Pangasinan,pang1290,Austronesian,0.62925,0.62925,0.27474,0.02757,0.05500011
Panjabi,panj1256,Indo-European,2.08496,2.08496,1.39962,0.66043,0.96746049
Paraguayan_Guaraní,para1311,Tupian,1.02717,1.02717,0.99816,0.34695,0.62646788
Parakanã,para1312,Tupian,1,1.5,1.5,0,0.84931384
Pashto,pash1269,Indo-European,1.4183,1.4183,0.98611,0.2621,0.53060704
Patani,pata1260,Austronesian,0.84535,0.84535,0.72513,0.105,0.25919141
Pauserna,paus1244,Tupian,0.67347,1.06878,1.06878,0.25884,0.56364782
Payungu,bayu1240,Pama-Nyungan,1,1,0.54879,0.09314,0.22480167
Pemon,pemo1248,Cariban,0,0,0,0,0
Pendau,pend1242,Austronesian,0.88654,0.88654,0.2724,0.02281,0.10307651
Penrhyn_(Tongareva),penr1237,Austronesian,0,0,0,0,0
Peoria,peor1238,Algic,0,0,0,0,0
Petapa_Taje,taje1237a,Austronesian,0,0,0,0,0
Phende,phen1239,Atlantic-Congo,0.9183,0.9183,0.6484,0.01625,0.13936587
Piegan_Siksika_(Piegan_Blackfoot),pieg1239,Algic,0,0,0,0,0
Pilagá,pila1245,Other,0.31669,0.31669,0.20674,0.05144,0.09664899
Pinji,pinj1243,Atlantic-Congo,0.68524,0.75527,0.75527,0.08479,0.22814993
PintupiLuritja,pint1250,Pama-Nyungan,1,1,0.57832,0.09314,0.22782018
Pirriya,pirr1240,Pama-Nyungan,0,0,0,0,0
Pitjantjatjara,pitj1243,Pama-Nyungan,0.61749,0.93968,0.93968,0.23295,0.41814235
Pitta_Pitta,pitt1247,Pama-Nyungan,0.9183,0.9183,0.60904,0.05709,0.23825558
Plains_Cree_(Cree_of_the_Prairie),plai1258,Algic,0,0,0,0,0
Pohnpeian,pohn1238,Austronesian,0.7642,0.7642,0.7642,0,0.129252515
Pohnpeian,pohn1238a,Austronesian,0.53333,0.7642,0.7642,0,0.129252515
Pokomo,poko1261,Atlantic-Congo,0,0,0,0,0
Polci,polc1243,Afro-Asiatic,0.31669,0.31669,0.25271,0.08857,0.12552224
Polish,poli1260,Indo-European,2.25163,2.25163,1.23228,0.40002,0.80963819
Port_Sandwich,port1285,Austronesian,0.94566,0.94566,0.94566,0.00606,0.3334228
Portuguese,port1283,Indo-European,0,0.18872,0.18872,0,0.02283497
Potawatomi_(Potǎwattamie),pota1247,Algic,0.06291,0.25163,0.25163,0.05459,0.10095657
Prai,phai1238,Austroasiatic,0.72193,0.72193,0.38708,0.07291,0.17993292
Prakaa,prak1243,Sino-Tibetan,0,0,0,0,0
Proto-Oceanic,ocea1241,Austronesian,0,0,0,0,0
Proto_Sogeram,soge1235,Nuclear Trans New Guinea,1.18973,1.18973,0.65648,0.05595,0.25341959000000003
Proto_Tupi_Guarani,tupi1276,Tupian,0,0,0,0,0
Puinave,puin1248,Other,0,0,0,0,0
Pukapuka,puka1242,Austronesian,0,0.16456,0.16456,0,0.0246595
Puluwatese_(Puluwat),pulu1242,Austronesian,0.81388,0.81388,0.43323,0.07208,0.19934075
Pumé,pume1238,Other,0.54085,0.54085,0.41114,0.1941,0.23009685
Punkä,ponc1241,Other,0,0,0,0,0
Punu,punu1239,Atlantic-Congo,1,1,1,0,0.11028192
Puyuma,puyu1239,Austronesian,0,0,0,0,0
Páez,paez1247,Other,0,0,0,0,0
Qawasquar,qawa1238,Other,1,1,0.43358,0.00844,0.14975957
Quechan,quec1382,Other,1.57662,1.57662,1.31682,0.35775,0.63299048
Rade_(Rhade),rade1240,Austronesian,0,0,0,0,0
Raga_(Hano),hano1246,Austronesian,1.43185,1.43185,0.82217,0.16612,0.45948462
Raga_(Hano_Thomas_Ennever),hano1246b,Austronesian,1.10331,1.10331,0.63201,0.10903,0.30038353
Rahambuu,raha1237,Austronesian,0,0,0,0,0
Rakahanga-Manihiki,raka1237,Austronesian,0,0,0,0,0
Rangiora_(NW_Tuamotus),tuam1242,Austronesian,0,0,0,0,0
Rarotongan_(Cook_Islands_Maori),raro1241,Austronesian,0.22282,0.595,0.595,0.00132,0.13154768
Ratagnon,rata1245,Austronesian,0.88654,0.88654,0.27136,0.00218,0.04726908
Rejang_(Rejangese),reja1240,Austronesian,0.99679,0.99679,0.40623,0,0.09340724
Rennell_Islanders,renn1242,Austronesian,0.31682,0.84425,0.84425,0.06058,0.24926145
Ritharrngu,rita1239,Pama-Nyungan,1.5087,1.5087,0.80587,0.11447,0.31920348
Riuk_Bekati'_(Dayak),beka1241,Austronesian,0,0,0,0,0
Romanian,roma1327,Indo-European,0.9183,0.9183,0.56782,0.10917,0.23800665
Rotinese_Termanu_,term1237,Austronesian,1.75591,1.75591,1.72323,0.83226,1.15799321
Rotokas,roto1249,Other,0.93211,0.93211,0.60893,0.06367,0.26267457
Rotumans,rotu1241,Austronesian,0.30875,0.37638,0.37638,0.06991,0.18055438
Routa,rout1237,Austronesian,0,0,0,0,0
Roviana,rovi1238,Austronesian,0.88654,0.88654,0.35526,0.0235,0.10295509
Rundi,rund1242,Atlantic-Congo,1.92193,1.92193,1.16217,0.40168,0.66648567
Russian,russ1263,Indo-European,0.9183,0.9183,0.49122,0.01625,0.147701965
Russian,russ1263a,Indo-European,0.88654,0.9183,0.49122,0.01625,0.147701965
Rutul,shin1265,Nakh-Daghestanian,0.91829,0.91829,0.5187,0.26019,0.30722149
Sa,saaa1241,Austronesian,0,0,0,0,0
Sa_a,saaa1240,Austronesian,1,1,0.58951,0.00972,0.06785204
Saaroa,saar1237,Austronesian,0.88654,0.88654,0.45373,0.1104,0.19126537
Sakata,saka1287,Atlantic-Congo,0.31128,0.31128,0.31128,0,0.05786032
Sake,sake1247,Atlantic-Congo,0,0,0,0,0
Samoan,samo1305,Austronesian,0.16097,0.73978,0.73978,0.00108,0.17318925
Samoan,samo1305a,Austronesian,0.00343,0.73978,0.73978,0.00108,0.17318925
San_Salvador_Kongo,sans1272,Atlantic-Congo,0.97095,0.97095,0.47539,0.04766,0.15425621
Sanapana,sana1298,Other,0.72193,0.72193,0.269,0.03415,0.10791685
Sango,sang1331,Atlantic-Congo,0,0,0,0,0
Sangtam_Naga,sang1321,Sino-Tibetan,0,0,0,0,0
Sangu_Tanzania_,sang1330,Atlantic-Congo,1.00624,1.00624,0.68515,0.11022,0.25336849
Sanskrit,sans1269,Indo-European,2.10393,2.10393,1.26108,0.56964,0.8681642
Sarangani_Blaan,sara1326,Austronesian,0,0,0,0,0
Sardinian,sard1257,Indo-European,0.9183,0.9183,0.57979,0.01625,0.14929912
Satawalese,sata1237,Austronesian,0,0,0,0,0
Saterfriesisch,sate1242,Indo-European,0.9183,0.9183,0.55694,0.01625,0.14638418
Sateré_Mawé,sate1243,Tupian,1,1.32782,1.32782,0.07943,0.57325428
Savosavo,savo1255,Other,0.00119,0.24805,0.24805,0.00119,0.06077127
Sawai,sawa1247,Austronesian,0.91398,0.91398,0.71531,0.19042,0.32551931
Sawi,sawi1257,Other,0,0,0,0,0
Sawk_and_Fox,mesk1242,Algic,0,0,0,0,0
Seke_(Ske),seke1241,Austronesian,7.3e-4,0.28062,0.28062,7.3e-4,0.04524803
Seki,seki1238,Atlantic-Congo,0,0,0,0,0
Selk_nam,onaa1245,Other,0.54085,0.54085,0.37959,0.1941,0.23086183
Selkup,selk1253,Uralic,0,0,0,0,0
Senbarei,unua1237,Austronesian,1.01947,1.01947,0.70705,0.06529,0.28296398
Seneca,sene1264,Other,0,0,0,0,0
Serbocroation,sout1528,Indo-European,1.45915,1.45915,0.67516,0.08275,0.34104247
Serbs,serb1264,Indo-European,0.9183,0.9183,0.51539,0.03667,0.19859679
Seri,seri1257,Other,0.72193,0.72193,0.43272,0.13415,0.17949807
Serrano,serr1255,Uto-Aztecan,1.62993,1.62993,1.55686,0.71863,1.1397186
Setaman_Baktamin,seta1246,Other,0,0,0,0,0
Shasta,shas1239,Other,0.95854,0.95854,0.74911,0.13577,0.37096978
Shawnee,shaw1249,Algic,0,0,0,0,0
Sherpa,sher1255,Sino-Tibetan,0,0,0,0,0
Shi,shii1238,Atlantic-Congo,1.07782,1.07782,1.04203,0.16531,0.49279763
Shipibo,ship1254,Pano-Tacanan,1.18872,1.18872,0.83201,0.2574,0.47757488
Shiyan,chey1247,Algic,0,0,0,0,0
Shoshoni,shos1248,Uto-Aztecan,0,0,0,0,0
Sie_(Sye),siee1239,Austronesian,0.99573,0.99573,0.67786,0.06782,0.27921666
Sika,sika1262,Austronesian,0,0,0,0,0
Sikaiana,sika1261,Austronesian,0,0.11446,0.11446,0,0.011493
Sindhi,sind1272,Indo-European,2.25163,2.25163,1.45029,0.76897,1.0663125
Sinhala,sinh1246,Indo-European,1,1.05839,1.05839,0.22802,0.48959032
Sion,sion1247,Other,0.84535,0.84535,0.4892,0,0.12706543
Sirionó,siri1273,Tupian,1.21839,1.21839,0.67336,0.07045,0.27121552
Siwai_Motuna,siwa1245,Other,0,0,0,0,0
Slave_Lake_Indians_or_A-cha'o-tin-ne,slav1253,Other,0,0,0,0,0
Slovakian,slov1269,Indo-European,0.9183,0.9183,0.58496,0.03077,0.20240464
Slovenian,slov1268,Indo-European,0.9183,0.9183,0.55767,0.01625,0.1480573
Soga,soga1242,Atlantic-Congo,0.9183,0.9183,0.53021,0.18721,0.29254816
Songoora,song1300,Atlantic-Congo,0,0,0,0,0
Sonsorol,sons1242,Austronesian,0.99679,0.99679,0.42754,0,0.11936483
SosvaMansi,nort2677,Uralic,0,0,0,0,0
Sougb,mani1235,Other,0,0,0,0,0
SouthSaami,sout2674,Uralic,0,0,0,0,0
South_Marquesan,sout2866,Austronesian,0,0,0,0,0
South_Tuvaluan_(Vaitupu),sout2865,Austronesian,0.05259,0.32004,0.32004,0.00336,0.06296367
Southeast_Ambrym,sout2859,Austronesian,0.93331,0.93331,0.49462,0.02828,0.2118711
Southeast_Babar,sout2883,Austronesian,0,0,0,0,0
Southeastern_Tepehuano,sout2976,Uto-Aztecan,0.55678,0.55678,0.43764,0.08276,0.233003
Southern_Coastal_Tsimshian,nucl1649,Other,0,0,0,0,0
Southern_Paiute,sout2969,Uto-Aztecan,0.94566,1.1146,1.1146,0.27254,0.51747886
Southern_Tepehuan,sout2975,Uto-Aztecan,0,0,0,0,0
Southern_Ute,utee1244,Uto-Aztecan,0,0,0,0,0
Southwest_Tanna,sout2869,Austronesian,0.99679,0.99679,0.75399,0.00215,0.19077207
Spokäne,spok1245,Salishan,0.5,1,1,0.5,0.71975
Standard_Catalan,stan1289,Indo-European,0.9183,0.9183,0.46701,0.01625,0.14548597
Standard_French,stan1290,Indo-European,0.88654,0.88654,0.57559,0.1157,0.24100918
Standard_Spanish,stan1288,Indo-European,0.9183,0.9183,0.5655,0.10917,0.23655462
Suki,suki1245,Other,0,0,0,0,0
Suku,suku1259,Atlantic-Congo,0.9183,0.9183,0.58896,0.2897,0.38395356
Sukuma,suku1261,Atlantic-Congo,0,0,0,0,0
Sula_Fagudu,sula1245,Austronesian,0.12582,0.25163,0.25163,0,0.10656874
Sula_Mangoli,mang1408,Austronesian,0.72193,1.1087,1.1087,0.24773,0.47284327
Sumbwa,sumb1240,Atlantic-Congo,0,0,0,0,0
Sundanese,sund1252,Austronesian,1.5822,1.5822,0.64494,0.07355,0.28976053
Sungagage,mari1426i,Austronesian,1.10331,1.10331,0.68589,0.10152,0.30381166
Sungwadaga,mari1426b,Austronesian,0.07385,0.3454,0.3454,0.00561,0.0946327
Sungwadia,mari1426a,Austronesian,1.33647,1.33647,1.0348,0.2767,0.54681946
Sungwaloge_(Nalemba_Edward),mari1426g,Austronesian,0.93211,0.93211,0.38861,0.00799,0.09107485
Sungwaloge_(Nalemba_Simeone_Tari),mari1426f,Austronesian,0.93211,0.93211,0.53636,0.0249,0.15042582
Sungwaloge_(Navenvene),mari1426d,Austronesian,0.99679,0.99679,0.61529,0.01314,0.15940611
Sungwaloge_(Tauta),mari1426e,Austronesian,0.97688,0.97688,0.68077,0.05779,0.20743558
Sungwaloge_(Tawet),mari1426c,Austronesian,0.98008,0.98008,0.51068,0.04973,0.19821045
Sunwadia,mari1426,Austronesian,0.97095,0.97095,0.55678,0,0.12063447
Suruí,suru1262,Tupian,0.25163,0.3628,0.3628,0.08837,0.19497285
Suundi,suun1239,Atlantic-Congo,0.17095,0.72193,0.72193,0,0.15145801
Suzhou,shan1293,Sino-Tibetan,0,0,0,0,0
Suzhou,suzh1234,Sino-Tibetan,0,0,0,0,0
Swedish,swed1254,Indo-European,0.91829,0.91829,0.47445,0.26019,0.30753956
Taabwa,shil1264,Atlantic-Congo,0.91829,0.91829,0.91829,0.22125,0.32152408
Tabasco_Chontal_(Chontal_Tabasco),taba1266,Other,0,0,0,0,0
Tabla,tabl1243,Other,0.93211,0.93211,0.52804,0.01865,0.14760829
Tadyawan,tady1237,Austronesian,0.88654,0.88654,0.25158,0.00218,0.05003544
Tagalog,taga1270,Austronesian,0.67896,0.67896,0.27334,0.00151,0.04414128
Tahitians,tahi1242,Austronesian,0,0.17949,0.17949,0,0.0449523
Taiap,taia1239,Other,0,0,0,0,0
Tajik,taji1245,Indo-European,0,0,0,0,0
Tajio,taji1246,Austronesian,0.88654,0.88654,0.3895,0.02281,0.10571618
Takia,taki1248,Austronesian,0.15396,0.3358,0.3358,7.3e-4,0.10134082
Takuu,taku1257,Austronesian,0.06992,0.19753,0.19753,0.00107,0.04427606
Talibabu,tali1262,Austronesian,0,0.25163,0.25163,0,0.06622016
Talise_(Tolo),tali1259,Austronesian,0.00237,0.26025,0.26025,5.7e-4,0.05960392
Tamambo,malo1243,Austronesian,0,0,0,0,0
Tamil,tami1289,Dravidian,2.33496,2.33496,1.85795,1.30458,1.54430312
Tanala,tana1285,Austronesian,0.77095,0.80555,0.80555,0.07757,0.36858984
Tanampedagi_Taje,taje1237b,Austronesian,0.88654,0.88654,0.45373,0.02281,0.1087449
Tangoa_(Movono),tang1347,Austronesian,0,0,0,0,0
Tapirapé,tapi1254,Tupian,0,0,0,0,0
Tarahumara,cent2131,Uto-Aztecan,1.12809,1.23012,1.23012,0.40203,0.78599237
Tasiko,tasi1237,Austronesian,0,0.32861,0.32861,0,0.09960669
Taumako,taum1237,Austronesian,0.46606,0.52413,0.52413,0.02392,0.19667956
Tausug,taus1251a,Austronesian,0.88654,0.88654,0.38441,0.02281,0.1063399
Tausug_(Sulu_Moro),taus1251,Austronesian,0.99679,0.99679,0.37687,5e-4,0.04793972
Tehuelche,tehu1242,Other,0.9183,0.9183,0.27687,0.00998,0.06447339
Teiwa,teiw1235,Other,0.93211,0.93211,0.35554,0.00588,0.09750963
Telefol,tele1256,Other,1.93002,1.93002,1.06391,0.34867,0.63224886
Telugu,telu1262,Dravidian,1.12581,1.12581,0.91293,0.17272,0.41835523
Tembé,temb1276,Tupian,0,0,0,0,0
Temi,temi1247,Atlantic-Congo,0,0,0,0,0
Tenharim,tenh1241,Tupian,1.25163,1.25163,0.66547,0.15228,0.32273067
Tesuque,tesu1245,Other,0,0,0,0,0
Tetela,tete1250,Atlantic-Congo,0.94566,0.94566,0.52336,0.19149,0.30454123
Tetum_(Tetun),tetu1245,Austronesian,0.5374,0.72843,0.72843,0.06191,0.2924868
Tetun_Dili_(Tetum),tetu1246,Austronesian,0,0,0,0,0
Thao,thao1240,Austronesian,0,0,0,0,0
Thayore_(Kuuk_Thaayorre),thay1249,Pama-Nyungan,1.58219,1.58219,1.32132,0.3648,0.79291014
Tialo_(Tomini),tomi1243,Austronesian,0.88654,0.88654,0.37736,0.02281,0.10423247
Tidore,tido1249,Other,0,0,0,0,0
Tidore_(version_1),tido1248,Other,0.25163,0.25163,0.25163,0.12582,0.17916565
Tidore_(version_2),tido1248a,Other,0.18873,0.25163,0.25163,0.06291,0.14349688
Tigak,tiga1245,Austronesian,0,0,0,0,0
Tikopia,tiko1237,Austronesian,0,0.93211,0.60138,0,0.157157355
Tikopia,tiko1237a,Austronesian,0.93211,0.93211,0.60138,0,0.157157355
Tirax_(Mae),maee1241,Austronesian,0,0,0,0,0
Tiri-Mea_(Grand_Couli),tiri1258,Austronesian,0.94566,0.94566,0.48513,4.5e-4,0.15661386
Tiv,tivv1240,Atlantic-Congo,0.4984,0.4984,0.29985,0,0.09182891
Tlingit,tlin1245,Other,0,0,0,0,0
Toba,toba1269,Other,0.9183,0.9183,0.40031,0.10917,0.19339826
Tocantins_Asurini,toca1235,Tupian,1.84644,1.84644,1.14297,0.39257,0.70257577
Toda,toda1252,Dravidian,0.9183,0.9183,0.5128,0.19138,0.30414982
Tohono_O_odham,toho1245,Uto-Aztecan,0,0,0,0,0
Tok_Pisin,tokp1240,Indo-European,0.74249,0.74249,0.34027,9.1e-4,0.06977532
Tokelau,toke1240,Austronesian,1.07732,1.07732,0.70193,0.08208,0.32158237
Tokelau,toke1240a,Austronesian,0.99718,1.07732,0.70193,0.08208,0.32158237
Tokharian_A,tokh1242,Indo-European,0,0,0,0,0
Tokharian_B,tokh1243,Indo-European,0,0,0,0,0
Tokotu'a_(Kabaena),kaba1285,Austronesian,0,0,0,0,0
Tolaki,tola1247,Austronesian,0.88654,0.88654,0.38052,0.01691,0.06583604
Tolowa,tolo1259,Other,0,0,0,0,0
Tomadino,toma1248,Austronesian,0,0,0,0,0
Tombulu,tomb1243,Austronesian,0.88654,0.88654,0.42609,0.1104,0.19206236
Tonga_Nyasa_,tong1321,Atlantic-Congo,0,0.19087,0.19087,0,0.0626268
Tongan,tong1325,Austronesian,0.12581,0.54534,0.54534,0.07835,0.24885347
Tonsea,tons1240,Austronesian,0.88654,0.88654,0.45373,0.1104,0.19318863
Tooro,toor1238,Atlantic-Congo,1.58496,1.58496,0.97161,0.1117,0.44607867
Toqabaqita,toab1237,Austronesian,0.9183,0.9183,0.22527,0.0037200000000000002,0.0305707
Torete,tore1237,Austronesian,0,0,0,0,0
Torres_Strait_Creole_(Broken),torr1261,Indo-European,0.5615,0.5615,0.45938,0.05719,0.20713547
Totoli,toto1304,Austronesian,0.88654,0.88654,0.45373,0.02281,0.10705068
Touo,touo1238,Other,1.93002,1.93002,1.00814,0.19823,0.56020424
Trinitario,trin1274,Arawakan,0,0,0,0,0
Tsafiki,colo1249,Other,0,0,0,0,0
Tsogo,tsog1243,Atlantic-Congo,0,0.25163,0.25163,0,0.06658636999999999
Tsonga,tson1249,Atlantic-Congo,1.90137,1.90137,1.02274,0.41522,0.68054436
Tswana,tswa1253,Atlantic-Congo,2.32193,2.32193,1.36322,0.67065,0.92668888
Tubar,tuba1279,Uto-Aztecan,0,0,0,0,0
Tubuai,tubu1240,Austronesian,0,0,0,0,0
Tucano,tuca1252,Other,2.16829,2.16829,1.70237,0.98906,1.26573954
Tucanoan_Bará,waim1255,Other,1.11459,1.11459,1.05001,0.27391,0.56929533
Tukang_Besi_South,tuka1249,Austronesian,0,0,0,0,0
Tulambatu,tula1253,Austronesian,0,0,0,0,0
TundraNenets,nene1249,Uralic,0,0,0,0,0
Tungag,tung1290,Austronesian,0,0,0,0,0
Tupinambá,tupi1273,Tupian,0.98523,0.98523,0.78204,0.18814,0.39704882
Tupí,tupi1274,Tupian,0.35589,0.80607,0.80607,0.23588,0.4357982
Turkish,nucl1301,Turkic,0.91829,0.91829,0.46139,0.15905,0.24216572
Turung,turu1249,Tai-Kadai,0,0,0,0,0
Tuscarora,tusc1257,Other,0,0,0,0,0
Tuyuca,tuyu1244,Other,0.72193,0.72193,0.43272,0.13415,0.18163441
Two_Mountain_Iroquios,laur1250,Other,0,0,0,0,0
Tzeltal,tzel1254,Other,0.91829,1.00915,1.00915,0.01831,0.36274006
Tübatülabal,tuba1278,Uto-Aztecan,0,0,0,0,0
Tümpisha_Shoshoni,pana1305,Uto-Aztecan,0.88654,0.88654,0.81361000000000006,0.26421,0.39148212
Udmurt,udmu1245,Uralic,0,0,0,0,0
Ukrainian,ukra1253,Indo-European,0.81128,0.81128,0.65795,0,0.24861538
Ulawa,ulaw1237,Austronesian,1,1,0.65391,0.02226,0.13451301
Umbu-Ungu,umbu1258,Other,0.94566,0.94566,0.94058,0.08113,0.32777645
Umbundu,umbu1257,Atlantic-Congo,1,1,0.60846,0.17379,0.30536949
Umiray_Dumaget_Agta,umir1236,Austronesian,0,0,0,0,0
Umpila,umpi1239,Pama-Nyungan,0.94566,0.94566,0.73979,0.08114,0.32628228
Ura,urav1235,Austronesian,0,0,0,0,0
Uradhi_(Atampaya),atam1239,Pama-Nyungan,0,0,0,0,0
Urak_Lawoi,urak1238,Austronesian,0,0,0,0,0
Urdu,urdu1245,Indo-European,2.25163,2.25163,1.59271,0.76897,1.06844159
Uripiv-Wala-Rano-Atchin,urip1239,Austronesian,1.096,1.096,0.70932,0.09066,0.29356232
Usurufa,usar1243,Other,0.98523,0.98523,0.98523,0.23777,0.34364361
Utahs_(Tabegwaches),utes1238,Uto-Aztecan,0,0,0,0,0
Vaekau-Taumako,pile1238,Austronesian,0.05259,0.40135,0.40135,0.03043,0.12630665
Vao,vaoo1237,Austronesian,0,0,0,0,0
Varisi,vari1239,Austronesian,0,0,0,0,0
Venda,vend1245,Atlantic-Congo,0.9183,0.9183,0.47704,0.10917,0.19596224
Veps,veps1250,Uralic,0,0,0,0,0
Vera'a,vera1241,Austronesian,0,0,0,0,0
Vlax_Romani,vlax1238,Indo-European,0.9183,0.9183,0.51614,0.01625,0.14477951
Vures,vure1239,Austronesian,0,0,0,0,0
Waffa,waff1241,Other,0,0,0,0,0
Wai_Wai,waiw1244,Cariban,0.23751,0.31229,0.31229,0.01623,0.06584523
Waia,waia1242,Austronesian,0,0,0,0,0
Wailaki,wail1244,Other,0.21922,0.81058,0.81058,0.11225,0.43437714
Waimiri_Atroari,waim1253,Cariban,0,0,0,0,0
Wajarri,waja1257,Pama-Nyungan,0.72193,0.72193,0.72193,0.03227,0.18533079
Wakaya,waga1260,Pama-Nyungan,1.26346,1.26346,1.03058,0.15103,0.39203708
Wallisian_(East_Uvea),wall1257,Austronesian,0,0,0,0,0
Wallon,wall1255,Indo-European,0.91829,0.91829,0.66956,0.03493,0.19458896
Wambaya,wamb1258,Other,1.0798,1.0798,0.87011,0.08259,0.36294267
Wangkajunga,wang1288,Pama-Nyungan,0.5615,0.5615,0.31181,0.06706,0.14386162
Wangkangurru,wang1290,Pama-Nyungan,0.65564,0.76784,0.76784,0,0.14709273
Wangkangurru,wang1290a,Pama-Nyungan,0,0.76784,0.76784,0,0.14709273
Wangkumara,wong1246,Pama-Nyungan,0,0,0,0,0
Waorani,waor1240,Other,0.84535,0.84535,0.53935,0.20718,0.2526012
Wapishana,wapi1253,Arawakan,0.91829,0.91829,0.43491,0.15905,0.23630032
Wappo,wapp1239,Other,0,0,0,0,0
Warlmanpa,warl1255,Pama-Nyungan,1,1,0.62572,0.09314,0.22550356
Warlpiri,warl1254,Pama-Nyungan,1.34707,1.34707,0.7369,0.04327,0.292277865
Warlpiri,warl1254a,Pama-Nyungan,0.93211,1.34707,0.7369,0.04327,0.292277865
Warnman,wanm1242,Pama-Nyungan,0.5,0.54122,0.54122,0.02093,0.13501534
Waropen,waro1242,Austronesian,0,0,0,0,0
Warrnambool,warr1257,Pama-Nyungan,0,0,0,0,0
Warta_Thuntai,gunt1241,Other,0,0,0,0,0
Waru,waru1266,Austronesian,0,0,0,0,0
Warumungu,waru1265,Pama-Nyungan,1,1,0.60846,0.17379,0.30620869
Warungu,waru1264,Pama-Nyungan,0,0,0,0,0
Watam,wata1253,Other,0,0,0,0,0
Wathwurrung,wath1238,Pama-Nyungan,0,0,0,0,0
Watut,watu1246,Austronesian,0.58428,0.58428,0.49299,0.08128,0.24576482
Waurá,waur1244,Arawakan,0.25163,0.41696,0.41696,0.08334,0.19593436
Wawonii,wawo1239,Austronesian,0.88654,0.88654,0.30712,0.02281,0.106739
Wayampi,waya1270,Tupian,0.74932,0.74932,0.74932,0.0178,0.33996559
Wayuu,wayu1243,Arawakan,0.10917,0.24715,0.24715,0.04167,0.0984097
Weaw,nucl1653,Algic,0,0.25163,0.25163,0,0.07033621
Weda,weda1240,Austronesian,0.5172,0.5172,0.41189,0.0436,0.18495936
Wersing,wers1238,Other,0,0,0,0,0
West_Coast_Bajau,west2560,Austronesian,0.88654,0.88654,0.41334,0.02281,0.10550288000000001
West_Futuna,west2515,Austronesian,0.95918,0.95918,0.5657,0.09812,0.2721641
West_Kewa,west2599,Nuclear Trans New Guinea,0.99679,0.99679,0.59755,0.12131,0.23131647
Western_Apache,west2615,Other,1.18872,1.18872,0.75371,0.0513,0.27261161
Western_Armenian,homs1234,Indo-European,0.91829,0.91829,0.5187,0.26019,0.30725606
Western_Bukidnon_Manobo,west2555,Austronesian,0.00313,0.45069,0.45069,0.00313,0.0948435
"Western_Canadian_Inuktitut_(Eskimo,_West_of_Hudson's_Bay)",west2618,Other,0,0,0,0,0
Western_Farsi,west2369,Indo-European,2.22987,2.22987,1.41985,0.65786,0.96575206
Western_Panjabi,west2386,Indo-European,0.91829,0.91829,0.48379,0.26019,0.30933044
Western_Pantar,lamm1241,Other,0.93211,0.93211,0.59782,0.10856,0.3072562
Western_Tawbuid_(Batangan),west2559,Austronesian,0.88654,0.88654,0.3763,0.00218,0.04986042
White_Mesa_Ute,utee1244b,Uto-Aztecan,0,0,0,0,0
Whitesands,whit1269,Austronesian,0.44477,0.72591,0.72591,0.00199,0.17102629
Wichí,wich1264,Other,0,0,0,0,0
WikMungkan,wikm1247,Pama-Nyungan,1.72193,1.72193,1.72193,1.02193,1.27849048
Winnebagoe,winn1245,Other,0,0,0,0,0
Wipi,wipi1242,Other,0,0,0,0,0
Wiradjuri,wira1262,Pama-Nyungan,0.9183,0.9183,0.44197,0.10917,0.19505135
Wirangu,wira1265,Pama-Nyungan,1.52193,1.52193,0.88852,0.28048,0.47096396
Wiwirano,wiwi1237,Austronesian,0,0,0,0,0
Wiyot,wiyo1248,Algic,0,0,0,0,0
Wogeo,woge1237,Austronesian,0,0,0,0,0
Woiwurrung,woiw1237,Pama-Nyungan,0,0,0,0,0
Woleaian,wole1240,Austronesian,0,0,0,0,0
Wolio,woli1241,Austronesian,0,0,0,0,0
Woods_Cree_(Cree_of_the_Woods),wood1236,Algic,0,0,0,0,0
Wulguru,wulg1239,Pama-Nyungan,0.9183,0.9183,0.48379,0.0954,0.19357949
Wuvulu_Aua,wuvu1239,Austronesian,0,0.32727,0.32727,0,0.05789125
Wyandote,wyan1247,Other,0,0,0,0,0
Xalangi_(Maevo_Vanuatu),mari1426h,Austronesian,0.37124,0.37124,0.35167,0.00471,0.11145964
Xaracuu_(Canala),xara1244,Austronesian,0,0,0,0,0
Xibe,xibe1242,Other,1.58219,1.58219,1.25858,0.44487,0.77761678
Yabem,yabe1254,Austronesian,1.25134,1.25134,0.96076,0.12338,0.45815085
Yadhaykenu,yadh1237,Pama-Nyungan,0,0,0,0,0
Yaka_CAR_,yaka1272,Atlantic-Congo,0.33158,0.42217,0.42217,0.04953,0.14218987
Yaka_Pelende_Lonzo,yaka1269,Atlantic-Congo,1.20282,1.20282,0.65775,0.063,0.27970056
Yakama,yaki1237,Other,0,0,0,0,0
Yakan,yaka1277,Austronesian,0.88654,0.88654,0.2936,0.03774,0.08385126
Yalarnnga,yala1262,Pama-Nyungan,0.9183,0.9183,0.47652,0.00276,0.161148375
Yalarnnga,yala1262a,Pama-Nyungan,0.67147,0.9183,0.47652,0.00276,0.161148375
Yale,kosa1249,Other,0,0,0,0,0
Yalic,yali1257,Other,0,0,0,0,0
Yamana,yama1264,Other,0.9183,0.9183,0.42848,0.10917,0.19679458
Yami_Tao_,yami1254,Austronesian,0.95854,0.95854,0.59868,0.00593,0.15824947
Yandruwandha,yand1253,Pama-Nyungan,1.15564,1.15564,0.84598,0,0.147474545
Yandruwandha,yand1253a,Pama-Nyungan,0,1.15564,0.84598,0,0.147474545
Yanomámi,yano1262,Other,0,0,0,0,0
Yansi,yans1239,Atlantic-Congo,0.32193,0.32193,0.32193,0,0.22481151000000002
Yanyuwa,yany1243,Pama-Nyungan,1,1,0.63517,0.09314,0.29065608
Yaqui,yaqu1251,Uto-Aztecan,0,0,0,0,0
Yarluyandi,ngam1265,Pama-Nyungan,1,1,0.51318,0.09314,0.22111348
Yavitero,yavi1244,Arawakan,0,0,0,0,0
Yawa,nucl1454,Other,0.58428,0.7725,0.7725,0.0373,0.26491406
Yele_(Yélî_Dnye),yele1255,Other,1.28114,1.28114,0.68523,0.10024,0.35842956
Yelmek,yelm1242,Other,0,0,0,0,0
Yerukula,yeru1240,Dravidian,0,0,0,0,0
Yidiny,yidi1250,Pama-Nyungan,1,1,0.51318,0,0.11126765
Yidiny,yidi1250a,Pama-Nyungan,0,1,0.51318,0,0.11126765
Yindjibarndi,yind1247,Pama-Nyungan,1,1,0.75334,0.17379,0.37495654
Yir-Yoront,yiry1245,Pama-Nyungan,0.94566,0.97353,0.97353,0.15547,0.42027380000000003
Yombe,yomb1244,Atlantic-Congo,1.52193,1.52193,0.91519,0.2392,0.55164985
Yorta_Yorta,yort1237,Pama-Nyungan,0,0,0,0,0
Yucatec_Maya,yuca1254,Other,0.88129,0.94969,0.94969,0.23031,0.43639576
Yugambal_(Yugambeh),yuga1244,Pama-Nyungan,0.99252,0.99252,0.62404,0.11289,0.28948052
Yugambeh,yugu1249,Pama-Nyungan,0.9183,0.9183,0.47445,0.17686,0.25198489
Yukulta_(Ganggalida),gang1267a,Other,0.98627,0.98627,0.95724,0.21113,0.55390037
Yulparija,yulp1239,Pama-Nyungan,1,1,0.86,0.10569,0.28828559
Yuracare,yura1255,Other,0,0,0,0,0
Yurok,yuro1248,Algic,0.9183,0.9183,0.84021,0.14397,0.34154701
Yuwaalaraay,gami1243,Pama-Nyungan,1.15564,1.15564,0.81896,0.18396,0.37634935
Zabana_(Kia),zaba1237,Austronesian,0,0,0,0,0
Zigula,zigu1242,Atlantic-Congo,1,1,0.39795,0.04879,0.18907432
Zinza,zinz1238,Atlantic-Congo,0,0,0,0,0
Zulu,zulu1248,Atlantic-Congo,1.19151,1.19151,0.66214,0.13568,0.33327137
Zuni,zuni1245,Other,0,0,0,0,0
