language,language_family,code,simulation_code,simulation,mutual_information,entropy_gn,entropy_gn1,conditional_entropy,variation_gn,variation_gn1,number_of_pairs
Lebanese_Arabic,Afro-Asiatic,stan1323,stan1323_REAL,N,1.58219,2.5777,2.58219,1.0,39,20,12
Akkadian,Afro-Asiatic,akka1240,akka1240_REAL,N,0.0,2.25,1.0,1.0,8,20,10
Old_Aramaic,Afro-Asiatic,olda1245,olda1245_REAL,N,1.0,2.0,2.0,1.0,40,12,10
Hausa,Afro-Asiatic,haus1257,haus1257_REAL,N,0.58496,1.58496,2.25163,1.66667,40,20,12
Amharic,Afro-Asiatic,amha1245,amha1245_REAL,N,1.58497,2.25163,1.9183,0.33333,40,20,10
Polci,Afro-Asiatic,polc1243,polc1243_REAL,N,0.31669,0.81669,2.25163,1.93494,40,20,9
Ottowa_Ojibwa,Algic,otta1242,otta1242_REAL,N,0.91829,1.4183,2.58496,1.66667,40,20,10
Munsee,Algic,muns1251,muns1251_REAL,N,0.0,2.5,1.0,1.0,8,19,12
Piegan_Siksika_(Piegan_Blackfoot),Algic,pieg1239,pieg1239_REAL,N,0.0,2.0,1.0,1.0,8,20,8
Weaw,Algic,nucl1653,nucl1653_REAL,N,0.0,1.5,0.9183,0.9183,8,19,6
Kickapoo_(Kikapoo),Algic,kick1244,kick1244_REAL,N,0.0,2.5,1.0,1.0,8,20,12
Ojibwa_Lake_Michigan,Algic,uppe1274,uppe1274_REAL,N,0.06291,1.72957,0.9183,0.85539,8,19,7
Ojibwa_Kansas,Algic,ojib1241,ojib1241_REAL,N,0.0,1.5,0.9183,0.9183,8,19,6
Blood_Siksika_(Blood_Blackfoot),Algic,bloo1239,bloo1239_REAL,N,0.0,2.0,1.0,1.0,8,20,8
Potawatomi_(Potǎwattamie),Algic,pota1247,pota1247_REAL,N,0.06291,1.72957,0.9183,0.85539,8,19,7
Woods_Cree_(Cree_of_the_Woods),Algic,wood1236,wood1236_REAL,N,0.0,1.5,1.0,1.0,8,19,6
"Etchemiu,_or_Malisete",Algic,male1293,male1293_REAL,N,0.0,1.5,0.9183,0.9183,8,19,6
Sawk_and_Fox,Algic,mesk1242,mesk1242_REAL,N,0.0,1.5,1.0,1.0,8,20,6
Mohegan,Algic,mohe1244,mohe1244_REAL,N,0.0,1.75,1.0,1.0,8,20,8
Delaware,Algic,comm1246,comm1246_REAL,N,0.0,1.5,1.0,1.0,8,20,6
Cree_of_the_Lowlands,Algic,cree1272,cree1272_REAL,N,0.0,1.5,1.0,1.0,8,19,6
Wiyot,Algic,wiyo1248,wiyo1248_REAL,N,0.0,-0.0,2.0,2.0,32,20,4
Miemac,Algic,mikm1235,mikm1235_REAL,N,0.06291,2.22957,0.9183,0.85539,8,19,9
Yurok,Algic,yuro1248,yuro1248_REAL,N,0.9183,2.9183,1.9183,1.0,40,20,16
An-ah'-ne-lin_(Gros_Ventres_of_Prairie),Algic,gros1243,gros1243_REAL,N,0.0,2.23593,1.0,1.0,7,20,10
Kaskaskia,Algic,algo1255,algo1255_REAL,N,0.0,1.5,0.9183,0.9183,8,19,6
Peoria,Algic,peor1238,peor1238_REAL,N,0.0,1.75,1.0,1.0,8,20,8
Northern_Ojibwa,Algic,nort2961,nort2961_REAL,N,1.01373,2.50271,2.58496,1.57123,40,20,20
Shiyan,Algic,chey1247,chey1247_REAL,N,0.0,1.5,1.0,1.0,8,20,6
Plains_Cree_(Cree_of_the_Prairie),Algic,plai1258,plai1258_REAL,N,0.0,2.0,1.0,1.0,8,19,8
Miami,Algic,miam1252,miam1252_REAL,N,0.0,2.0,1.0,1.0,8,20,8
Menomine,Algic,meno1252,meno1252_REAL,N,0.0,1.5,1.0,1.0,8,20,6
Shawnee,Algic,shaw1249,shaw1249_REAL,N,0.0,1.5,-0.0,-0.0,8,20,3
Baure,Arawakan,baur1253,baur1253_REAL,N,0.0,1.0,1.0,1.0,40,4,4
Ignaciano,Arawakan,igna1246,igna1246_REAL,N,0.0,1.5,1.0,1.0,40,4,6
Yavitero,Arawakan,yavi1244,yavi1244_REAL,N,0.0,1.0,1.0,1.0,40,4,4
Wayuu,Arawakan,wayu1243,wayu1243_REAL,N,0.10917,0.81669,1.9183,1.80913,40,20,8
Wapishana,Arawakan,wapi1253,wapi1253_REAL,N,0.91829,1.4183,2.58496,1.66667,40,20,10
Waurá,Arawakan,waur1244,waur1244_REAL,N,0.25163,1.58496,1.9183,1.66667,40,20,12
Mashco_Piro,Arawakan,mash1270,mash1270_REAL,N,0.0,-0.0,1.0,1.0,34,4,2
Trinitario,Arawakan,trin1274,trin1274_REAL,N,0.0,1.0,1.0,1.0,8,4,4
Ngoni,Atlantic-Congo,ngon1269,ngon1269_REAL,N,0.0,-0.0,-0.0,-0.0,16,8,1
Nyakyusa,Atlantic-Congo,nyak1260,nyak1260_REAL,N,1.85856,2.73216,2.67674,0.81818,21,16,13
Fipa,Atlantic-Congo,fipa1238,fipa1238_REAL,N,1.12193,1.92193,1.92193,0.8,32,20,7
Punu,Atlantic-Congo,punu1239,punu1239_REAL,N,1.0,1.0,1.0,-0.0,8,9,2
Haya,Atlantic-Congo,haya1250,haya1250_REAL,N,1.91829,2.4183,2.58496,0.66667,40,20,9
Zigula,Atlantic-Congo,zigu1242,zigu1242_REAL,N,1.0,1.5,1.5,0.5,12,20,5
Bemba,Atlantic-Congo,bemb1257,bemb1257_REAL,N,0.98523,1.80735,1.98523,1.0,22,20,10
Ekonda_Mongo,Atlantic-Congo,ekon1238,ekon1238_REAL,N,0.38454,0.87951,2.22665,1.84211,35,20,10
Tsonga,Atlantic-Congo,tson1249,tson1249_REAL,N,1.90137,2.65136,2.9183,1.01693,40,20,14
Zinza,Atlantic-Congo,zinz1238,zinz1238_REAL,N,0.0,1.0,1.0,1.0,8,20,4
Pinji,Atlantic-Congo,pinj1243,pinj1243_REAL,N,0.68524,1.37878,1.14883,0.46359,12,10,4
Kagulu,Atlantic-Congo,kagu1239,kagu1239_REAL,N,0.81128,1.06128,2.5,1.68872,28,20,8
Hehe,Atlantic-Congo,hehe1240,hehe1240_REAL,N,1.45656,1.65656,3.24022,1.78366,28,19,12
Suku,Atlantic-Congo,suku1259,suku1259_REAL,N,0.9183,1.58496,2.9183,2.0,40,20,16
Lala_Bisa,Atlantic-Congo,lala1264,lala1264_REAL,N,0.0,-0.0,1.0,1.0,8,20,2
Tonga_Nyasa_,Atlantic-Congo,tong1321,tong1321_REAL,N,0.0,1.25163,1.0,1.0,20,20,6
Kamba,Atlantic-Congo,kamb1297,kamb1297_REAL,N,0.9183,1.25163,2.75163,1.83333,40,20,10
Yansi,Atlantic-Congo,yans1239,yans1239_REAL,N,0.32193,0.72193,2.32193,2.0,10,8,7
Mbuun,Atlantic-Congo,mpuo1241,mpuo1241_REAL,N,0.91829,1.25163,2.58496,1.66667,40,20,8
San_Salvador_Kongo,Atlantic-Congo,sans1272,sans1272_REAL,N,0.97095,1.37095,2.12193,1.15098,40,16,7
Soga,Atlantic-Congo,soga1242,soga1242_REAL,N,0.9183,1.58496,2.45915,1.54085,40,20,12
Bera,Atlantic-Congo,bera1259,bera1259_REAL,N,0.9183,1.4183,2.9183,2.0,40,20,12
Sakata,Atlantic-Congo,saka1287,saka1287_REAL,N,0.31128,0.81128,1.0,0.68872,40,6,3
Makonde,Atlantic-Congo,mako1251,mako1251_REAL,N,0.31669,0.65002,1.9183,1.60161,40,20,6
Sake,Atlantic-Congo,sake1247,sake1247_REAL,N,0.0,0.9183,1.0,1.0,7,10,4
Phende,Atlantic-Congo,phen1239,phen1239_REAL,N,0.9183,1.25163,2.25163,1.33333,40,20,7
Bamun,Atlantic-Congo,bamu1253,bamu1253_REAL,N,0.0,0.9183,1.0,1.0,6,4,4
Nsong,Atlantic-Congo,song1299,song1299_REAL,N,0.9183,1.25163,2.25163,1.33333,40,20,7
Bali_Congo_,Atlantic-Congo,bali1274,bali1274_REAL,N,0.0,-0.0,1.0,1.0,2,4,2
Lamba,Atlantic-Congo,lamb1271,lamb1271_REAL,N,1.17095,2.12193,1.97095,0.8,36,20,8
Mbere,Atlantic-Congo,mber1257,mber1257_REAL,N,0.72548,1.83659,1.83659,1.11111,14,10,8
Sumbwa,Atlantic-Congo,sumb1240,sumb1240_REAL,N,0.0,1.5,1.0,1.0,8,8,6
Kom,Atlantic-Congo,komc1235,komc1235_REAL,N,1.0,2.0,1.5,0.5,40,12,9
Kikuyu,Atlantic-Congo,kiku1240,kiku1240_REAL,N,1.9183,2.25163,2.4183,0.5,40,20,8
Digo,Atlantic-Congo,digo1243,digo1243_REAL,N,1.58497,1.9183,2.9183,1.33333,40,20,10
Pokomo,Atlantic-Congo,poko1261,poko1261_REAL,N,0.0,-0.0,1.0,1.0,2,10,2
Amazulu_(Amazulu_Kafir),Atlantic-Congo,zulu1248,zulu1248_REAL,N,0.0,2.25,1.0,1.0,8,20,10
Mongo,Atlantic-Congo,mong1338,mong1338_REAL,N,0.88443,1.78067,2.68872,1.80429,40,20,14
Giryama,Atlantic-Congo,giry1241,giry1241_REAL,N,1.82307,2.55034,2.91398,1.09091,36,20,14
Lozi,Atlantic-Congo,lozi1239,lozi1239_REAL,N,0.21692,1.06128,2.40564,2.18872,24,20,11
Bushoong,Atlantic-Congo,bush1247,bush1247_REAL,N,0.91829,1.58496,2.58496,1.66667,40,20,10
Luvale,Atlantic-Congo,luva1239,luva1239_REAL,N,1.0,1.53064,2.0,1.0,28,20,8
Kwasio,Atlantic-Congo,kwas1243,kwas1243_REAL,N,0.88654,1.48008,1.88654,1.0,39,20,10
Yaka_CAR_,Atlantic-Congo,yaka1272,yaka1272_REAL,N,0.33158,1.3093,2.11808,1.7865,40,18,9
Sangu_Tanzania_,Atlantic-Congo,sang1330,sang1330_REAL,N,1.00624,1.65656,1.9899,0.98366,28,19,8
Lingala,Atlantic-Congo,ling1263,ling1263_REAL,N,0.9183,1.4183,2.9183,2.0,40,20,12
Sango,Atlantic-Congo,sang1331,sang1331_REAL,N,0.0,1.37878,1.0,1.0,15,12,6
Yombe,Atlantic-Congo,yomb1244,yomb1244_REAL,N,1.52193,2.24644,2.82193,1.3,32,20,13
Komo_DRC_,Atlantic-Congo,komo1260,komo1260_REAL,N,1.58497,2.08496,2.9183,1.33333,40,20,12
Bila,Atlantic-Congo,bila1255,bila1255_REAL,N,1.58496,2.08496,3.08496,1.5,40,20,13
Ngulu,Atlantic-Congo,ngul1246,ngul1246_REAL,N,0.19716,1.39215,2.53049,2.33333,38,16,14
Kota,Atlantic-Congo,kota1274,kota1274_REAL,N,1.32297,2.72548,1.83659,0.51362,18,10,10
Kaonde,Atlantic-Congo,kaon1241,kaon1241_REAL,N,0.0,0.98523,1.0,1.0,7,20,4
Ha,Atlantic-Congo,haaa1252,haaa1252_REAL,N,1.52193,2.32193,2.72193,1.2,36,20,15
Songoora,Atlantic-Congo,song1300,song1300_REAL,N,0.0,1.14883,1.0,1.0,7,20,6
Bali_DRC_,Atlantic-Congo,bali1275,bali1275_REAL,N,0.0,-0.0,1.0,1.0,4,12,2
Luba_Katanga,Atlantic-Congo,luba1250,luba1250_REAL,N,0.0,1.44882,1.0,1.0,7,20,6
Bafia,Atlantic-Congo,bafi1243,bafi1243_REAL,N,0.0,0.9183,1.0,1.0,6,6,4
Batanga,Atlantic-Congo,bata1285,bata1285_REAL,N,2.9183,4.25163,3.25163,0.33333,40,20,24
Temi,Atlantic-Congo,temi1247,temi1247_REAL,N,0.0,0.9183,1.0,1.0,3,6,4
Tswana,Atlantic-Congo,tswa1253,tswa1253_REAL,N,2.32193,2.72193,2.92193,0.6,36,20,13
Herero,Atlantic-Congo,here1253,here1253_REAL,N,0.94566,1.67293,2.73216,1.7865,40,18,13
Suundi,Atlantic-Congo,suun1239,suun1239_REAL,N,0.17095,1.37095,1.52193,1.35098,24,8,7
Tetela,Atlantic-Congo,tete1250,tete1250_REAL,N,0.94566,1.58202,2.55034,1.60468,36,20,12
Meta,Atlantic-Congo,meta1238,meta1238_REAL,N,0.0,1.92193,1.0,1.0,5,6,8
Bende,Atlantic-Congo,bend1258,bend1258_REAL,N,0.98523,1.95021,1.98523,1.0,22,20,12
Umbundu,Atlantic-Congo,umbu1257,umbu1257_REAL,N,1.0,2.0,2.0,1.0,24,20,10
Gusii,Atlantic-Congo,gusi1247,gusi1247_REAL,N,0.91829,1.58496,1.58496,0.66667,24,12,5
Igbo,Atlantic-Congo,nucl1417,nucl1417_REAL,N,1.52193,2.32193,2.52193,1.0,20,14,10
Kerewe,Atlantic-Congo,kere1283,kere1283_REAL,N,0.0,-0.0,1.0,1.0,4,12,2
Tsogo,Atlantic-Congo,tsog1243,tsog1243_REAL,N,0.0,1.5,0.9183,0.9183,8,19,6
Myene,Atlantic-Congo,myen1241,myen1241_REAL,N,1.51655,2.39228,3.10393,1.58738,39,20,20
Ding,Atlantic-Congo,ding1239,ding1239_REAL,N,0.91829,1.4183,2.58496,1.66667,40,20,10
Masaaba,Atlantic-Congo,masa1299,masa1299_REAL,N,1.40564,2.65564,3.0,1.59436,40,12,20
Luba_Lulua,Atlantic-Congo,luba1249,luba1249_REAL,N,0.68872,1.25163,1.95915,1.27043,40,20,7
Fefe,Atlantic-Congo,fefe1239,fefe1239_REAL,N,0.98523,2.12809,2.23593,1.2507,24,16,11
Budza,Atlantic-Congo,budz1238,budz1238_REAL,N,0.0,-0.0,1.0,1.0,8,4,2
Duala,Atlantic-Congo,dual1243,dual1243_REAL,N,1.52193,2.12193,2.52193,1.0,32,20,9
Mokpwe,Atlantic-Congo,mokp1239,mokp1239_REAL,N,0.9183,1.9183,2.25163,1.33333,40,20,10
Rundi,Atlantic-Congo,rund1242,rund1242_REAL,N,1.92193,2.58418,2.52193,0.6,36,20,11
Langi,Atlantic-Congo,lang1320,lang1320_REAL,N,1.05885,1.76384,2.57262,1.51377,38,20,12
Yaka_Pelende_Lonzo,Atlantic-Congo,yaka1269,yaka1269_REAL,N,1.20282,2.35846,1.5,0.29718,40,14,8
Meru,Atlantic-Congo,meru1245,meru1245_REAL,N,2.25163,3.50163,3.33496,1.08333,40,20,27
Venda,Atlantic-Congo,vend1245,vend1245_REAL,N,0.9183,1.25163,1.9183,1.0,20,20,6
Shi,Atlantic-Congo,shii1238,shii1238_REAL,N,1.07782,2.20282,2.5,1.42218,28,20,14
Mungaka,Atlantic-Congo,mung1266,mung1266_REAL,N,0.0,1.5,1.0,1.0,8,20,6
Chokwe,Atlantic-Congo,chok1245,chok1245_REAL,N,0.94566,1.58202,2.55034,1.60468,40,19,10
Tiv,Atlantic-Congo,tivv1240,tivv1240_REAL,N,0.4984,1.45656,1.4984,1.0,39,12,6
Gogo,Atlantic-Congo,gogo1263,gogo1263_REAL,N,1.28247,2.43552,2.19716,0.91469,36,18,11
Bukusu,Atlantic-Congo,buku1249,buku1249_REAL,N,0.45915,1.9183,2.29248,1.83333,40,20,14
Ganda,Atlantic-Congo,gand1255,gand1255_REAL,N,1.18201,2.52164,2.18201,1.0,22,16,12
Kwere,Atlantic-Congo,kwer1261,kwer1261_REAL,N,0.96124,1.54659,2.26893,1.30769,21,20,9
Taabwa,Atlantic-Congo,shil1264,shil1264_REAL,N,0.91829,1.4183,2.18872,1.27043,20,10,9
Bena_Tanzania_,Atlantic-Congo,bena1262,bena1262_REAL,N,1.23034,1.85141,2.44143,1.21109,30,19,11
Tooro,Atlantic-Congo,toor1238,toor1238_REAL,N,1.58496,2.58496,2.58496,1.0,40,20,12
Luguru,Atlantic-Congo,lugu1238,lugu1238_REAL,N,1.72193,2.12193,2.92193,1.2,36,20,12
Avatime,Atlantic-Congo,avat1244,avat1244_REAL,N,0.0,1.95021,1.0,1.0,7,20,8
Nyoro,Atlantic-Congo,nyor1246,nyor1246_REAL,N,2.27784,3.15357,2.58219,0.30435,39,20,12
Sukuma,Atlantic-Congo,suku1261,suku1261_REAL,N,0.0,2.0,1.0,1.0,8,20,8
Mbala,Atlantic-Congo,mbal1257,mbal1257_REAL,N,0.5615,1.48008,1.90933,1.34783,39,20,11
Seki,Atlantic-Congo,seki1238,seki1238_REAL,N,0.0,0.9183,1.0,1.0,7,10,4
Asu_Tanzania_,Atlantic-Congo,asut1235,asut1235_REAL,N,0.9183,2.25163,3.25163,2.33333,40,20,24
Fang_EG,Atlantic-Congo,fang1246,fang1246_REAL,N,0.25163,2.58496,1.9183,1.66667,40,20,20
Lunda,Atlantic-Congo,lund1266,lund1266_REAL,N,1.5,1.75,2.75,1.25,28,20,10
Njebi,Atlantic-Congo,njeb1242,njeb1242_REAL,N,0.72193,1.92193,1.52193,0.8,10,10,7
Birhor,Austroasiatic,birh1242,birh1242_REAL,N,0.72193,2.32193,1.52193,0.8,12,16,9
Bit,Austroasiatic,bitt1240,bitt1240_REAL,N,0.44759,0.84758,2.32193,1.87434,40,18,8
O_du,Austroasiatic,oduu1239,oduu1239_REAL,N,0.0,-0.0,1.0,1.0,40,16,2
Prai,Austroasiatic,phai1238,phai1238_REAL,N,0.72193,1.12193,1.52193,0.8,40,18,6
Pacoh,Austroasiatic,paco1243,paco1243_REAL,N,0.0,1.37878,1.0,1.0,7,12,6
Sa,Austronesian,saaa1241,saaa1241_REAL,N,0.0,1.95021,1.0,1.0,7,20,8
Balaesang,Austronesian,bala1314,bala1314_REAL,N,0.0,0.98523,1.0,1.0,7,20,4
Aklanon,Austronesian,akla1241,akla1241_REAL,N,0.88654,2.02314,1.88654,1.0,39,20,10
Namakura,Austronesian,nama1268b,nama1268b_REAL,N,0.0,1.95021,1.0,1.0,7,12,8
Woleaian,Austronesian,wole1240,wole1240_REAL,N,0.0,-0.0,1.0,1.0,3,12,2
Dondo,Austronesian,dond1249,dond1249_REAL,N,0.88654,1.18639,2.58219,1.69565,39,20,8
Nengone,Austronesian,neng1238,neng1238_REAL,N,0.98523,1.80735,2.55666,1.57143,22,20,12
Ontong_Java,Austronesian,onto1237,onto1237_REAL,N,0.0,1.0,1.53049,1.53049,40,14,6
Futunans,Austronesian,east2447,east2447_REAL,N,0.25163,1.25163,1.9183,1.66667,40,20,8
Iraya,Austronesian,iray1237,iray1237_REAL,N,0.88654,1.18639,1.88654,1.0,39,20,6
Chamarro,Austronesian,cham1312,cham1312_REAL,N,0.88654,1.88205,1.88654,1.0,39,20,8
Central_Tagbanwa,Austronesian,cent2090,cent2090_REAL,N,0.62925,0.62925,1.62925,1.0,35,20,4
Pama_(Paamanese),Austronesian,paam1238,paam1238_REAL,N,0.0,1.95021,1.0,1.0,7,8,8
Ilokano,Austronesian,ilok1237,ilok1237_REAL,N,0.88654,1.18639,1.88654,1.0,39,20,6
Sa_a,Austronesian,saaa1240,saaa1240_REAL,N,1.0,1.0,2.0,1.0,24,12,4
Dakaka,Austronesian,daka1243,daka1243_REAL,N,0.83858,2.55218,1.53912,0.70054,29,20,11
Buru_(Indonesia),Austronesian,buru1303,buru1303_REAL,N,0.0,1.95021,1.0,1.0,7,20,8
Tigak,Austronesian,tiga1245,tiga1245_REAL,N,0.0,0.98523,1.0,1.0,7,4,4
Southwest_Tanna,Austronesian,sout2869,sout2869_REAL,N,0.99679,2.25656,1.46346,0.46667,39,12,7
Bwaidoga,Austronesian,bwai1243,bwai1243_REAL,N,0.0,0.81128,1.0,1.0,4,4,4
Kankanaey_(Kankanai),Austronesian,kank1243,kank1243_REAL,N,0.88654,1.18639,1.88654,1.0,39,20,6
Lonwolwol,Austronesian,lonw1238,lonw1238_REAL,N,0.0,1.95021,1.0,1.0,7,20,8
Maranao_(Lanao_Moro),Austronesian,mara1404,mara1404_REAL,N,0.88654,1.18639,1.88654,1.0,39,20,6
Bilibil,Austronesian,bilb1241,bilb1241_REAL,N,1.58219,2.34965,2.58219,1.0,39,20,12
Bungku,Austronesian,bung1269,bung1269_REAL,N,0.88654,1.18639,1.88654,1.0,39,20,6
Colloquial_Malay,Austronesian,mala1479,mala1479_REAL,N,0.31669,0.65002,1.9183,1.60161,40,20,6
Dehu,Austronesian,dehu1237,dehu1237_REAL,N,0.0,2.25163,-0.0,-0.0,6,10,5
Wiwirano,Austronesian,wiwi1237,wiwi1237_REAL,N,0.0,0.98523,1.0,1.0,7,20,4
Futuna-Aniwa,Austronesian,futu1245,futu1245_REAL,N,0.99679,1.45656,1.99679,1.0,23,16,6
Ampibabo_Lauje,Austronesian,ampi1237,ampi1237_REAL,N,0.88654,1.18639,1.88654,1.0,39,20,6
Maguindanao_(Magindonao_Moro),Austronesian,magu1243,magu1243_REAL,N,0.79186,1.15422,1.79186,1.0,37,20,8
Penrhyn_(Tongareva),Austronesian,penr1237,penr1237_REAL,N,0.0,2.52164,1.0,1.0,7,20,12
Sungwaloge_(Nalemba_Edward),Austronesian,mari1426g,mari1426g_REAL,N,0.93211,1.58219,1.93211,1.0,39,20,6
Central_Melanau,Austronesian,cent2101,cent2101_REAL,N,0.88654,1.48008,1.88654,1.0,39,20,10
Balangao,Austronesian,bala1310,bala1310_REAL,N,0.0,0.98523,1.0,1.0,7,20,4
Tolaki,Austronesian,tola1247,tola1247_REAL,N,0.88654,1.18639,1.19089,0.30435,39,20,5
Yabem,Austronesian,yabe1254,yabe1254_REAL,N,1.42525,2.71445,2.58219,1.15694,39,20,16
Balinese,Austronesian,bali1278,bali1278_REAL,N,0.23646,1.30617,1.93211,1.69565,39,20,10
Lenakel,Austronesian,lena1238,lena1238_REAL,N,0.0,1.95021,1.0,1.0,7,20,8
Yami_Tao_,Austronesian,yami1254,yami1254_REAL,N,0.95854,1.93626,1.93626,0.97772,40,18,8
Merlav,Austronesian,merl1237,merl1237_REAL,N,0.96124,1.2389,1.96124,1.0,21,12,6
Māori,Austronesian,maor1246,maor1246_REAL,N,0.58497,2.38684,1.9183,1.33333,40,20,14
Isnag,Austronesian,isna1241,isna1241_REAL,N,0.88654,1.18639,1.88654,1.0,39,20,6
West_Coast_Bajau,Austronesian,west2560,west2560_REAL,N,0.88654,1.18639,1.88654,1.0,39,20,6
Sungwaloge_(Nalemba_Simeone_Tari),Austronesian,mari1426f,mari1426f_REAL,N,0.93211,1.93002,1.93211,1.0,39,20,8
Ifugaw_(Ifugao),Austronesian,ifug1247,ifug1247_REAL,N,0.0,-0.0,1.0,1.0,7,20,2
Tausug_(Sulu_Moro),Austronesian,taus1251,taus1251_REAL,N,0.99679,1.64022,1.46346,0.46667,39,12,7
Dupaningan_Agat,Austronesian,dupa1235,dupa1235_REAL,N,0.0,1.55666,1.0,1.0,7,4,6
Tasiko,Austronesian,tasi1237,tasi1237_REAL,N,0.0,2.97356,1.0,1.0,39,12,16
Mussau-Emira,Austronesian,muss1246,muss1246_REAL,N,0.0,0.98523,1.0,1.0,7,20,4
Bahonsuai,Austronesian,baho1237,baho1237_REAL,N,0.0,0.98523,1.0,1.0,7,20,4
Pampanga_(Kampampangan),Austronesian,pamp1243,pamp1243_REAL,N,0.88654,1.18639,1.88654,1.0,39,20,6
Sungagage,Austronesian,mari1426i,mari1426i_REAL,N,1.10331,1.9656,1.83664,0.73333,23,20,7
Ga'dang,Austronesian,gada1258,gada1258_REAL,N,0.88654,0.88654,1.88654,1.0,39,20,4
Rade_(Rhade),Austronesian,rade1240,rade1240_REAL,N,0.0,1.75,1.0,1.0,8,16,8
Mekeo,Austronesian,meke1243,meke1243_REAL,N,0.0,0.98523,1.0,1.0,7,4,4
Tialo_(Tomini),Austronesian,tomi1243,tomi1243_REAL,N,0.88654,1.18639,1.88654,1.0,39,20,6
Amis,Austronesian,amis1246,amis1246_REAL,N,0.0,1.0,1.0,1.0,8,4,4
Kings_Mill_Islands,Austronesian,gilb1244,gilb1244_REAL,N,0.0,2.5,1.0,1.0,8,20,12
Satawalese,Austronesian,sata1237,sata1237_REAL,N,0.0,0.98523,1.0,1.0,7,12,4
Kwaio,Austronesian,kwai1243,kwai1243_REAL,N,0.0,1.37878,1.0,1.0,7,20,6
Senbarei,Austronesian,unua1237,unua1237_REAL,N,1.01947,2.62352,1.55793,0.53846,19,20,12
Takuu,Austronesian,taku1257,taku1257_REAL,N,0.38455,0.62925,1.8056,1.42105,35,20,5
Tombulu,Austronesian,tomb1243,tomb1243_REAL,N,0.88654,1.48008,2.58219,1.69565,39,20,12
Rotumans,Austronesian,rotu1241,rotu1241_REAL,N,0.30875,2.45083,1.45915,1.1504,40,20,16
Kambera,Austronesian,kamb1299,kamb1299_REAL,N,0.94908,2.9425,1.93211,0.98303,39,20,16
Bunun,Austronesian,bunu1267,bunu1267_REAL,N,0.0,1.0,1.0,1.0,32,4,4
Gane_(Gimán),Austronesian,gane1237,gane1237_REAL,N,1.60694,2.83421,2.55034,0.9434,40,19,15
Itneg_(Binongan),Austronesian,bino1237,bino1237_REAL,N,0.0,1.37878,1.0,1.0,7,20,6
Central_Cagayan_Agta,Austronesian,cent2084,cent2084_REAL,N,0.88654,1.48008,1.88654,1.0,39,20,10
Minangkabau,Austronesian,mina1268,mina1268_REAL,N,0.0,0.72193,1.0,1.0,5,8,4
Kodi,Austronesian,kodi1247,kodi1247_REAL,N,0.0,1.25163,1.0,1.0,6,12,6
Mekongga,Austronesian,meko1237,meko1237_REAL,N,0.0,0.98523,1.0,1.0,7,20,4
Sungwaloge_(Tawet),Austronesian,mari1426c,mari1426c_REAL,N,0.98008,1.77126,2.10602,1.12594,39,20,8
Larevat,Austronesian,lare1249,lare1249_REAL,N,1.53012,2.84022,1.99679,0.46667,31,12,13
Rejang_(Rejangese),Austronesian,reja1240,reja1240_REAL,N,0.99679,1.45656,1.46346,0.46667,39,12,5
Xalangi_(Maevo_Vanuatu),Austronesian,mari1426h,mari1426h_REAL,N,0.97325,1.93002,1.79934,0.82609,39,20,7
Ratagnon,Austronesian,rata1245,rata1245_REAL,N,0.88654,1.18639,1.88654,1.0,39,20,6
Tikopia,Austronesian,tiko1237,tiko1237_REAL,N,0.0,1.0,1.82307,1.82307,40,18,8
Hawaiians,Austronesian,hawa1245,hawa1245_REAL,N,0.31669,2.06669,1.9183,1.60161,40,20,16
Maba_(Indonesia),Austronesian,maba1278,maba1278_REAL,N,0.86625,2.05921,1.82307,0.95682,40,19,11
Kiput,Austronesian,kipu1237,kipu1237_REAL,N,0.88654,1.18639,1.88654,1.0,39,20,6
Pohnpeian,Austronesian,pohn1238a,pohn1238a_REAL,N,0.53333,1.9899,1.0,0.46667,23,20,6
Atoni_(Uab_Meto),Austronesian,uabm1237,uabm1237_REAL,N,0.99256,2.74894,1.81315,0.82059,27,20,13
Pohnpeian,Austronesian,pohn1238,pohn1238_REAL,N,0.7642,1.53049,1.54198,0.77778,15,12,5
Madurese,Austronesian,nucl1460,nucl1460_REAL,N,0.88654,1.30617,1.88654,1.0,39,20,8
Lamogai,Austronesian,lamo1244,lamo1244_REAL,N,0.0,1.37878,1.0,1.0,7,4,6
Bacanese_Malay_(Bacan),Austronesian,baca1243,baca1243_REAL,N,0.96023,1.57135,2.05881,1.09858,40,15,10
Palauan,Austronesian,pala1344,pala1344_REAL,N,0.99679,2.44022,1.46346,0.46667,39,12,9
Malua_Bay,Austronesian,malu1245,malu1245_REAL,N,1.53012,2.84022,1.99679,0.46667,23,20,13
Dobu,Austronesian,dobu1241,dobu1241_REAL,N,0.96123,0.96124,2.18083,1.2196,23,20,5
Nehan,Austronesian,neha1247,neha1247_REAL,N,0.99679,2.07291,1.99679,1.0,39,12,10
Lelepa,Austronesian,lele1267,lele1267_REAL,N,0.00313,0.99864,2.58219,2.57906,39,20,12
Nalik_(Madina),Austronesian,nali1244b,nali1244b_REAL,N,0.88446,1.97511,1.53031,0.64585,33,12,8
Banjar,Austronesian,banj1239,banj1239_REAL,N,0.88654,1.18639,1.88654,1.0,39,20,6
Paluai,Austronesian,balu1257,balu1257_REAL,N,0.93211,2.22987,1.93211,1.0,39,20,10
Atta,Austronesian,atta1244,atta1244_REAL,N,0.0,0.98523,1.0,1.0,7,20,4
Mele-Fila_(Ifira-Mele),Austronesian,mele1250,mele1250_REAL,N,0.88654,1.18639,2.23437,1.34783,39,20,7
Tokelau,Austronesian,toke1240a,toke1240a_REAL,N,0.99718,3.41938,1.53912,0.54194,37,16,16
Sika,Austronesian,sika1262,sika1262_REAL,N,0.0,0.98523,1.0,1.0,7,4,4
Ibanag,Austronesian,iban1267,iban1267_REAL,N,0.88654,0.88654,1.88654,1.0,39,20,4
Samoan,Austronesian,samo1305a,samo1305a_REAL,N,0.00343,1.53948,1.58202,1.57859,39,8,9
Taumako,Austronesian,taum1237,taum1237_REAL,N,0.46606,2.75161,1.46606,1.0,39,20,14
Raroians,Austronesian,tuam1242,tuam1242_REAL,N,0.15564,1.81128,1.5,1.34436,24,20,10
Hiw,Austronesian,hiww1237,hiww1237_REAL,N,0.0,0.98523,1.0,1.0,7,12,4
Atchin,Austronesian,atch1238,atch1238_REAL,N,1.17048,1.83524,1.84237,0.67189,24,20,7
Wogeo,Austronesian,woge1237,woge1237_REAL,N,0.0,1.37878,1.0,1.0,7,20,6
Muna,Austronesian,muna1247,muna1247_REAL,N,0.88654,1.654,1.88654,1.0,39,20,14
Rarotongan_(Cook_Islands_Maori),Austronesian,raro1241,raro1241_REAL,N,0.22282,1.93291,1.46346,1.24064,39,12,11
Niue,Austronesian,niue1239,niue1239_REAL,N,0.0,2.7286,1.0,1.0,39,20,14
Nakanai,Austronesian,naka1262,naka1262_REAL,N,0.00313,0.99864,2.93002,2.92689,39,20,16
Owa_(Santa_Ana),Austronesian,owaa1237,owaa1237_REAL,N,0.0,2.52164,1.0,1.0,7,20,12
South_Marquesan,Austronesian,sout2866,sout2866_REAL,N,0.0,1.5,1.0,1.0,8,4,6
Aniwa,Austronesian,aniw1237,aniw1237_REAL,N,1.53012,3.24022,1.99679,0.46667,23,20,16
Bannoni,Austronesian,bann1247,bann1247_REAL,N,0.88654,0.88654,1.19089,0.30435,39,20,3
Nage,Austronesian,nage1237,nage1237_REAL,N,0.0,1.95021,1.0,1.0,7,20,8
Moronene,Austronesian,moro1287,moro1287_REAL,N,0.88654,1.18639,1.19089,0.30435,39,20,5
Uripiv-Wala-Rano-Atchin,Austronesian,urip1239,urip1239_REAL,N,1.096,2.46967,1.48062,0.38462,21,20,9
Kapingamarangi,Austronesian,kapi1249a,kapi1249a_REAL,N,0.00037,0.99864,1.46606,1.46569,39,20,6
Central_Sama,Austronesian,cent2092,cent2092_REAL,N,0.88654,1.18639,1.88654,1.0,39,20,6
Daakie,Austronesian,port1286,port1286_REAL,N,0.54356,1.75,1.41856,0.875,9,16,7
Batak_Toba,Austronesian,bata1289,bata1289_REAL,N,0.51305,1.76942,2.93002,2.41697,39,20,20
Sula_Mangoli,Austronesian,mang1408,mang1408_REAL,N,0.72193,1.02193,1.92193,1.2,24,17,6
Sungwadia,Austronesian,mari1426a,mari1426a_REAL,N,1.33647,2.59285,2.58219,1.24572,39,20,15
Toqabaqita,Austronesian,toab1237,toab1237_REAL,N,0.9183,0.9183,1.25163,0.33333,40,20,3
South_Tuvaluan_(Vaitupu),Austronesian,sout2865,sout2865_REAL,N,0.5,2.02426,1.46606,0.96606,39,20,9
Matukar,Austronesian,matu1261,matu1261_REAL,N,0.88654,1.30617,1.88654,1.0,39,20,8
Ibaloi_(Nabaloi),Austronesian,ibal1244,ibal1244_REAL,N,0.88654,0.88654,1.88654,1.0,39,20,4
Southeast_Ambrym,Austronesian,sout2859,sout2859_REAL,N,0.93331,1.93002,2.25715,1.32384,39,20,10
Yakan,Austronesian,yaka1277,yaka1277_REAL,N,0.88654,1.30617,2.23437,1.34783,39,20,9
Namakura,Austronesian,nama1268,nama1268_REAL,N,0.23646,1.88205,1.93211,1.69565,39,20,12
Muduapa_(Vitu),Austronesian,mudu1242,mudu1242_REAL,N,0.4984,1.45656,1.4984,1.0,23,20,6
Paici,Austronesian,paic1239,paic1239_REAL,N,1.27994,2.78443,1.93211,0.65217,39,20,18
Anuta,Austronesian,anut1237,anut1237_REAL,N,0.23886,1.93002,2.58219,2.34333,39,20,20
Cheke_Holo,Austronesian,chek1238,chek1238_REAL,N,0.0,1.37878,1.0,1.0,7,12,6
Kalinga_(Ahin-Kayapa_Kalanguya),Austronesian,ahin1234,ahin1234_REAL,N,0.88654,1.18639,1.88654,1.0,39,20,6
Waropen,Austronesian,waro1242,waro1242_REAL,N,0.0,1.58496,1.0,1.0,22,12,6
Sula_Fagudu,Austronesian,sula1245,sula1245_REAL,N,0.12582,1.95915,0.9183,0.79248,8,11,7
Ayiwo,Austronesian,ayiw1239,ayiw1239_REAL,N,0.94068,2.5777,2.75611,1.81543,39,20,22
Puluwatese_(Puluwat),Austronesian,pulu1242,pulu1242_REAL,N,0.81388,2.10393,1.63997,0.82609,39,20,8
Sunwadia,Austronesian,mari1426,mari1426_REAL,N,0.97095,0.97095,1.57095,0.6,19,8,3
Lewo,Austronesian,lewo1242,lewo1242_REAL,N,0.0,1.95021,1.0,1.0,7,8,8
Big_Nambas,Austronesian,bign1238a,bign1238a_REAL,N,0.0,1.9183,1.0,1.0,6,20,8
Torete,Austronesian,tore1237,tore1237_REAL,N,0.0,0.98523,1.0,1.0,7,20,4
Waru,Austronesian,waru1266,waru1266_REAL,N,0.0,0.98523,1.0,1.0,7,20,4
Nafsan,Austronesian,sout2856,sout2856_REAL,N,0.0,1.95021,1.0,1.0,7,20,8
Nguna,Austronesian,ngun1274,ngun1274_REAL,N,1.40352,2.39954,1.92543,0.52191,31,20,8
Easter_Islanders,Austronesian,rapa1244,rapa1244_REAL,N,0.0,1.37878,1.0,1.0,7,20,6
Waia,Austronesian,waia1242,waia1242_REAL,N,0.0,0.98523,1.0,1.0,7,20,4
Paiwan,Austronesian,paiw1248,paiw1248_REAL,N,0.0,-0.0,1.0,1.0,39,20,2
Miningir_(Lunga),Austronesian,mini1251,mini1251_REAL,N,0.88654,1.30617,1.88654,1.0,39,20,8
Javanese,Austronesian,java1254,java1254_REAL,N,0.88654,1.48008,2.58219,1.69565,39,20,12
Roviana,Austronesian,rovi1238,rovi1238_REAL,N,0.88654,1.14923,1.88654,1.0,39,20,6
Wolio,Austronesian,woli1241,woli1241_REAL,N,0.0,0.98523,1.0,1.0,7,20,4
Landewe,Austronesian,land1259,land1259_REAL,N,0.0,0.98523,1.0,1.0,7,20,4
Sundanese,Austronesian,sund1252,sund1252_REAL,N,1.5822,2.34965,2.23437,0.65217,39,20,10
Gela,Austronesian,gela1263,gela1263_REAL,N,0.26216,0.90559,1.46346,1.2013,39,12,7
Tuvalu_(Nanumea),Austronesian,tuva1244,tuva1244_REAL,N,0.5615,1.88205,1.90933,1.34783,39,20,10
Motu,Austronesian,motu1246,motu1246_REAL,N,0.0,1.37878,1.0,1.0,7,20,6
Wawonii,Austronesian,wawo1239,wawo1239_REAL,N,0.88654,1.18639,1.88654,1.0,39,20,6
Ida'an,Austronesian,idaa1241,idaa1241_REAL,N,0.88654,1.18639,1.88654,1.0,39,20,6
Proto-Oceanic,Austronesian,ocea1241,ocea1241_REAL,N,0.0,1.95021,1.0,1.0,7,16,8
Niuafo'ou,Austronesian,niua1240,niua1240_REAL,N,0.0,1.55666,1.0,1.0,7,20,6
Whitesands,Austronesian,whit1269,whit1269_REAL,N,0.44477,1.61719,1.58202,1.13725,39,8,7
Puyuma,Austronesian,puyu1239,puyu1239_REAL,N,0.0,1.0,1.0,1.0,8,4,4
Kusaien,Austronesian,kosr1238,kosr1238_REAL,N,0.0,2.0,1.0,1.0,8,20,8
Rakahanga-Manihiki,Austronesian,raka1237,raka1237_REAL,N,0.0,1.95021,1.0,1.0,7,20,8
Wallisian_(East_Uvea),Austronesian,wall1257,wall1257_REAL,N,0.0,2.23593,1.0,1.0,7,20,10
Gayo,Austronesian,gayo1244,gayo1244_REAL,N,0.0,2.23593,1.0,1.0,7,20,10
Tikopia,Austronesian,tiko1237a,tiko1237a_REAL,N,0.93211,2.5777,1.93211,1.0,39,20,12
Tamambo,Austronesian,malo1243,malo1243_REAL,N,0.0,2.23593,1.0,1.0,7,20,10
Achinese,Austronesian,achi1257,achi1257_REAL,N,0.0,1.95021,1.0,1.0,7,20,8
"North_Efate_(Nguna,_Nakanamanga)",Austronesian,nort2836,nort2836_REAL,N,0.0,0.98523,1.0,1.0,7,16,4
Mota,Austronesian,mota1237,mota1237_REAL,N,1.53012,2.44022,1.99679,0.46667,23,20,9
Rahambuu,Austronesian,raha1237,raha1237_REAL,N,0.0,0.98523,1.0,1.0,7,20,4
Tadyawan,Austronesian,tady1237,tady1237_REAL,N,0.88654,1.18639,1.88654,1.0,39,20,6
Umiray_Dumaget_Agta,Austronesian,umir1236,umir1236_REAL,N,0.0,1.37878,1.0,1.0,7,20,6
Tanala,Austronesian,tana1285,tana1285_REAL,N,0.77095,2.27095,2.32193,1.55098,40,18,16
Nanggu,Austronesian,nang1262,nang1262_REAL,N,0.49261,1.95021,1.49261,1.0,7,20,8
Vao,Austronesian,vaoo1237,vaoo1237_REAL,N,0.0,1.37878,1.0,1.0,7,20,6
Kadai,Austronesian,kada1286,kada1286_REAL,N,0.0,1.0,0.9183,0.9183,8,19,4
Nese,Austronesian,nese1235,nese1235_REAL,N,0.7642,1.97494,1.54198,0.77778,11,12,7
Rotinese_Termanu_,Austronesian,term1237,term1237_REAL,N,1.75591,3.13957,2.52323,0.76732,26,20,16
Aria_(Mouk-Aria),Austronesian,mouk1240a,mouk1240a_REAL,N,0.0,1.37878,1.0,1.0,7,16,6
Routa,Austronesian,rout1237,rout1237_REAL,N,0.0,0.98523,1.0,1.0,7,20,4
Kulisusu,Austronesian,kuli1254,kuli1254_REAL,N,0.88654,1.18639,1.19089,0.30435,39,20,5
Vures,Austronesian,vure1239,vure1239_REAL,N,0.0,1.37878,1.0,1.0,7,20,6
Lubuagan_Kalinga,Austronesian,lubu1243,lubu1243_REAL,N,0.0,1.0,1.0,1.0,4,20,4
Itbayat,Austronesian,ivat1242,ivat1242_REAL,N,0.88654,1.18639,1.88654,1.0,39,20,6
Western_Tawbuid_(Batangan),Austronesian,west2559,west2559_REAL,N,0.88654,1.18639,1.88654,1.0,39,20,6
Kilivila,Austronesian,kili1267,kili1267_REAL,N,0.0,1.37878,1.0,1.0,7,20,6
Tokelau,Austronesian,toke1240,toke1240_REAL,N,1.07732,2.38436,1.93626,0.85894,36,20,11
Thao,Austronesian,thao1240,thao1240_REAL,N,0.0,-0.0,1.58202,1.58202,39,8,3
Pukapuka,Austronesian,puka1242,puka1242_REAL,N,0.0,2.15272,1.0,1.0,39,20,14
Watut,Austronesian,watu1246,watu1246_REAL,N,0.58428,2.34965,1.93211,1.34783,39,20,14
Patani,Austronesian,pata1260,pata1260_REAL,N,0.84535,2.11808,1.82307,0.97772,40,19,12
Munggava_(Rennell),Austronesian,mung1271,mung1271_REAL,N,1.07035,2.19679,1.99679,0.92644,39,12,11
Emau_(Emao_Island),Austronesian,emau1237,emau1237_REAL,N,0.98247,1.97848,1.92543,0.94296,31,20,8
Buhid,Austronesian,buhi1245,buhi1245_REAL,N,0.88654,1.18639,1.88654,1.0,39,20,6
Barok_(Karu),Austronesian,baro1253,baro1253_REAL,N,0.99679,1.9899,0.99679,-0.0,19,6,4
Tongan,Austronesian,tong1325,tong1325_REAL,N,0.12581,2.12581,2.08496,1.95915,40,20,19
Mori_Bawah,Austronesian,mori1268,mori1268_REAL,N,0.88654,1.18639,1.88654,1.0,39,20,6
Tiri-Mea_(Grand_Couli),Austronesian,tiri1258,tiri1258_REAL,N,0.94566,2.55034,1.58202,0.63636,23,8,13
Manam,Austronesian,mana1295,mana1295_REAL,N,0.0,1.37878,1.0,1.0,7,20,6
Wuvulu_Aua,Austronesian,wuvu1239,wuvu1239_REAL,N,0.0,1.5,1.45915,1.45915,40,20,9
Kodeoha,Austronesian,kode1237,kode1237_REAL,N,0.0,0.98523,1.0,1.0,7,20,4
Fortsenal_(Kiai),Austronesian,fort1240,fort1240_REAL,N,0.94566,1.82307,1.58202,0.63636,23,12,7
Ili'uun,Austronesian,iliu1237,iliu1237_REAL,N,0.93211,1.47775,1.93211,1.0,39,20,6
Bukat,Austronesian,buka1261,buka1261_REAL,N,0.88654,0.88654,1.88654,1.0,39,20,4
Saaroa,Austronesian,saar1237,saar1237_REAL,N,0.88654,1.48008,1.88654,1.0,39,20,10
Mortlockese,Austronesian,mort1237,mort1237_REAL,N,0.88654,1.88205,1.88654,1.0,39,20,8
Nahavaq,Austronesian,sout2857,sout2857_REAL,N,0.0,1.95021,1.0,1.0,7,20,8
Hanunoo,Austronesian,hanu1241,hanu1241_REAL,N,0.88654,1.18639,1.88654,1.0,39,20,6
Sungwadaga,Austronesian,mari1426b,mari1426b_REAL,N,0.07385,1.93002,1.46606,1.39221,39,20,11
Maskelynes,Austronesian,mask1242,mask1242_REAL,N,0.7642,1.44662,1.54198,0.77778,11,12,6
Mangaia,Austronesian,mang1402,mang1402_REAL,N,0.0,1.95021,1.0,1.0,7,20,8
Urak_Lawoi,Austronesian,urak1238,urak1238_REAL,N,0.0,1.37878,1.0,1.0,7,20,6
Yamdena,Austronesian,yamd1240,yamd1240_REAL,N,0.0,-0.0,0.81669,0.81669,40,20,3
Kuanua,Austronesian,kuan1248,kuan1248_REAL,N,1.07047,2.08878,1.93211,0.86164,39,20,9
Sonsorol,Austronesian,sons1242,sons1242_REAL,N,0.99679,1.27291,1.99679,1.0,39,12,6
Talibabu,Austronesian,tali1262,tali1262_REAL,N,0.0,1.5,0.9183,0.9183,8,19,6
Mwotlap,Austronesian,motl1237,motl1237_REAL,N,0.00193,0.99864,2.25715,2.25522,39,20,10
Fijian,Austronesian,fiji1243,fiji1243_REAL,N,0.93211,2.69747,1.93211,1.0,39,20,16
Tulambatu,Austronesian,tula1253,tula1253_REAL,N,0.0,0.98523,1.0,1.0,7,20,4
Western_Bukidnon_Manobo,Austronesian,west2555,west2555_REAL,N,0.00313,1.52038,1.88654,1.88341,39,20,12
Avava_(Niviar_Dialect),Austronesian,katb1237b,katb1237b_REAL,N,1.57662,2.46967,1.96124,0.38462,21,12,9
Buli,Austronesian,buli1256,buli1256_REAL,N,0.84535,1.98171,1.82307,0.97772,40,19,10
Bario_Kelabit,Austronesian,bari1288,bari1288_REAL,N,0.88654,0.88654,1.19089,0.30435,39,20,3
Tajio,Austronesian,taji1246,taji1246_REAL,N,0.88654,1.18639,1.88654,1.0,39,20,6
Lalomerui,Austronesian,lalo1239,lalo1239_REAL,N,0.0,0.98523,1.0,1.0,7,20,4
Chuukese_(Trukese),Austronesian,chuu1238,chuu1238_REAL,N,0.0,1.95021,1.0,1.0,7,20,8
Iban,Austronesian,iban1264,iban1264_REAL,N,0.88654,0.88654,1.88654,1.0,39,20,4
Tausug,Austronesian,taus1251a,taus1251a_REAL,N,0.88654,1.18639,1.88654,1.0,39,20,6
Anejom,Austronesian,anei1239,anei1239_REAL,N,0.57433,2.96815,1.46606,0.89173,39,20,16
Lau_Fijian,Austronesian,laua1243,laua1243_REAL,N,1.27205,2.60539,2.58496,1.31291,40,20,17
Mafea_(Mavea),Austronesian,mafe1237,mafe1237_REAL,N,0.96331,2.12193,1.8542,0.89089,33,20,9
Lauje,Austronesian,lauj1238,lauj1238_REAL,N,0.88654,1.18639,1.88654,1.0,39,20,6
Avava,Austronesian,katb1237a,katb1237a_REAL,N,0.0,1.52193,1.0,1.0,5,16,6
Araki,Austronesian,arak1252,arak1252_REAL,N,0.76304,2.90005,1.74249,0.97945,31,20,16
Tomadino,Austronesian,toma1248,toma1248_REAL,N,0.0,0.98523,1.0,1.0,7,20,4
Asera,Austronesian,aser1237,aser1237_REAL,N,0.0,0.98523,1.0,1.0,7,20,4
Old_Rapa_(Rapa),Austronesian,rapa1245,rapa1245_REAL,N,0.0,1.95021,1.0,1.0,7,20,8
Raga_(Hano_Thomas_Ennever),Austronesian,hano1246b,hano1246b_REAL,N,1.10331,1.9656,1.83664,0.73333,23,20,7
Hiligaynon,Austronesian,hili1240,hili1240_REAL,N,0.88654,0.88654,1.88654,1.0,39,20,4
Emae_(Mae),Austronesian,emae1237,emae1237_REAL,N,0.0,-0.0,1.0,1.0,3,4,2
Tangoa_(Movono),Austronesian,tang1347,tang1347_REAL,N,0.0,1.95021,1.0,1.0,7,4,8
Raga_(Hano),Austronesian,hano1246,hano1246_REAL,N,1.43185,2.875,1.99435,0.5625,25,20,13
Mangei_(Sobjo),Austronesian,mang1407,mang1407_REAL,N,0.98523,1.98523,1.95021,0.96498,24,19,8
North_Tanna,Austronesian,nort2847,nort2847_REAL,N,0.94566,2.1867,1.58202,0.63636,39,8,9
Koroni,Austronesian,koro1311,koro1311_REAL,N,0.0,0.98523,1.0,1.0,7,20,4
Big_Nambas,Austronesian,bign1238,bign1238_REAL,N,1.24696,2.76334,1.84733,0.60037,19,20,11
Lavatbura-lamusong_(Konobin),Austronesian,lava1239,lava1239_REAL,N,0.0,-0.0,1.0,1.0,15,8,2
East_Ambae_(Lolovoli),Austronesian,east2443,east2443_REAL,N,0.0,0.98523,1.0,1.0,7,20,4
Naman,Austronesian,litz1237,litz1237_REAL,N,1.53012,2.84022,1.99679,0.46667,31,12,13
Ura,Austronesian,urav1235,urav1235_REAL,N,0.0,1.52193,1.0,1.0,5,10,6
Maragus_(Tape),Austronesian,mara1399,mara1399_REAL,N,0.0,0.9183,1.0,1.0,3,16,4
Weda,Austronesian,weda1240,weda1240_REAL,N,0.84535,2.11808,1.82307,0.97772,40,19,12
Zabana_(Kia),Austronesian,zaba1237,zaba1237_REAL,N,0.0,0.98523,1.0,1.0,7,12,4
Nalik_(Lukuramau),Austronesian,nali1244,nali1244_REAL,N,1.14014,2.10846,1.88259,0.74245,29,14,8
Barabet_(Hano),Austronesian,hano1246a,hano1246a_REAL,N,0.00073,0.99864,1.93211,1.93138,39,20,8
Bontok,Austronesian,bont1247,bont1247_REAL,N,0.88654,1.18639,1.88654,1.0,39,20,6
Boano_(Sulawesi),Austronesian,boan1243,boan1243_REAL,N,0.99679,1.45656,1.46346,0.46667,39,12,5
Madak_(Konnos),Austronesian,mada1284,mada1284_REAL,N,1.05109,2.18872,1.96776,0.91667,19,14,9
Riuk_Bekati'_(Dayak),Austronesian,beka1241,beka1241_REAL,N,0.0,0.98523,1.0,1.0,7,20,4
'Are'are,Austronesian,area1240,area1240_REAL,N,0.53333,1.9899,1.0,0.46667,31,16,6
Tokotu'a_(Kabaena),Austronesian,kaba1285,kaba1285_REAL,N,0.0,0.98523,1.0,1.0,7,20,4
Sarangani_Blaan,Austronesian,sara1326,sara1326_REAL,N,0.0,1.95021,1.0,1.0,7,20,8
Biak,Austronesian,biak1248,biak1248_REAL,N,0.0,1.37878,1.0,1.0,7,20,6
Cotabato_Manobo,Austronesian,cota1241,cota1241_REAL,N,0.0,1.95021,1.0,1.0,7,20,8
Seke_(Ske),Austronesian,seke1241,seke1241_REAL,N,0.12215,1.66493,1.93211,1.80996,39,20,12
Vaekau-Taumako,Austronesian,pile1238,pile1238_REAL,N,0.05259,2.04445,1.46606,1.41347,39,20,13
Tagalog,Austronesian,taga1270,taga1270_REAL,N,0.67896,0.92643,1.49947,0.82051,39,18,5
Tukang_Besi_South,Austronesian,tuka1249,tuka1249_REAL,N,0.0,0.98523,1.0,1.0,7,4,4
Sungwaloge_(Tauta),Austronesian,mari1426e,mari1426e_REAL,N,0.97688,1.88205,2.20493,1.22805,39,20,10
Sie_(Sye),Austronesian,siee1239,siee1239_REAL,N,0.99573,2.19969,1.95802,0.96229,19,20,12
Dampelas,Austronesian,damp1237,damp1237_REAL,N,0.88654,1.18639,1.88654,1.0,39,20,6
Mono-Alu,Austronesian,mono1273,mono1273_REAL,N,0.0,-0.0,1.0,1.0,3,12,2
Tubuai,Austronesian,tubu1240,tubu1240_REAL,N,0.0,1.95021,1.0,1.0,7,20,8
Ifaluk_Nuclear_Woleaian_,Austronesian,nucl1479,nucl1479_REAL,N,0.0,1.0,1.0,1.0,24,20,4
Kapingamarangi,Austronesian,kapi1249,kapi1249_REAL,N,0.0,-0.0,1.0,1.0,40,20,2
Sikaiana,Austronesian,sika1261,sika1261_REAL,N,0.00037,0.99864,1.46606,1.46569,39,20,6
Ulawa,Austronesian,ulaw1237,ulaw1237_REAL,N,1.0,1.5,2.0,1.0,24,12,6
Rennell_Islanders,Austronesian,renn1242,renn1242_REAL,N,0.31682,2.43004,1.5271,1.21028,31,18,14
Magam,Austronesian,maga1262,maga1262_REAL,N,0.0,1.95021,1.0,1.0,7,20,8
Tirax_(Mae),Austronesian,maee1241,maee1241_REAL,N,0.0,0.98523,1.0,1.0,7,20,4
Luburua_(Kara),Austronesian,lubu1242,lubu1242_REAL,N,0.94566,2.55034,1.58202,0.63636,23,8,10
Atayal,Austronesian,atay1247,atay1247_REAL,N,0.0,1.0,1.0,1.0,8,4,4
Brooke's_Point_Palawano,Austronesian,broo1239,broo1239_REAL,N,0.0,0.9183,1.0,1.0,35,4,4
Tungag,Austronesian,tung1290,tung1290_REAL,N,0.0,0.98523,1.0,1.0,7,8,4
Cebuano,Austronesian,cebu1242,cebu1242_REAL,N,0.88654,1.30617,1.88654,1.0,39,20,8
Alangan,Austronesian,alan1249,alan1249_REAL,N,0.88654,1.18639,1.88654,1.0,39,20,6
Kwamera,Austronesian,kwam1252,kwam1252_REAL,N,0.83787,2.12707,2.23437,1.3965,39,20,14
Konawe,Austronesian,kona1243,kona1243_REAL,N,0.0,0.98523,1.0,1.0,7,20,4
Port_Sandwich,Austronesian,port1285,port1285_REAL,N,0.94566,2.1867,1.58202,0.63636,31,8,8
Neve'ei,Austronesian,vinm1237,vinm1237_REAL,N,1.49201,2.76031,2.25568,0.76367,31,20,14
Ma'anyan,Austronesian,maan1238,maan1238_REAL,N,0.88654,1.18639,1.88654,1.0,39,20,6
Vera'a,Austronesian,vera1241,vera1241_REAL,N,0.0,1.37878,1.0,1.0,7,20,6
Bierebo,Austronesian,bier1244,bier1244_REAL,N,0.0,1.55666,1.0,1.0,7,12,6
Central_Subanen_(Subanung),Austronesian,cent2089,cent2089_REAL,N,0.0,-0.0,1.0,1.0,7,12,2
Mori_Atas,Austronesian,mori1269,mori1269_REAL,N,0.0,0.98523,1.0,1.0,7,20,4
Kankanay,Austronesian,nort2877,nort2877_REAL,N,0.0,2.0,1.0,1.0,8,4,8
Mangarevans,Austronesian,mang1401,mang1401_REAL,N,0.65564,2.15564,2.5,1.84436,24,20,16
Manggarai,Austronesian,mang1405,mang1405_REAL,N,0.0,1.37878,1.0,1.0,7,20,6
Tanampedagi_Taje,Austronesian,taje1237b,taje1237b_REAL,N,0.88654,1.18639,1.88654,1.0,39,20,6
Mungiki_(Bellona),Austronesian,mung1270,mung1270_REAL,N,0.0,0.9183,-0.0,-0.0,11,2,2
Marshallese,Austronesian,mars1254,mars1254_REAL,N,0.0,0.98523,1.0,1.0,7,20,4
Totoli,Austronesian,toto1304,toto1304_REAL,N,0.88654,1.18639,2.58219,1.69565,39,20,8
Lo-Toga_(Loh),Austronesian,loto1240,loto1240_REAL,N,0.10078,1.81318,1.46606,1.36528,39,20,10
Tahitians,Austronesian,tahi1242,tahi1242_REAL,N,0.0,1.81128,1.0,1.0,24,20,8
Pangasinan,Austronesian,pang1290,pang1290_REAL,N,0.62925,0.62925,1.62925,1.0,35,20,4
Sawai,Austronesian,sawa1247,sawa1247_REAL,N,0.91398,2.23216,1.82307,0.90909,40,19,13
Binukid_(Talaandig-Binukid),Austronesian,binu1244,binu1244_REAL,N,0.88654,2.69747,1.88654,1.0,39,20,18
Fordata,Austronesian,ford1242,ford1242_REAL,N,0.04411,0.72519,1.05535,1.01124,40,20,8
Brunei-Sabah_Malay_(Malay),Austronesian,saba1263,saba1263_REAL,N,0.88654,1.30617,1.88654,1.0,39,20,8
Samoan,Austronesian,samo1305,samo1305_REAL,N,0.16097,1.86096,2.32193,2.16096,40,16,17
Uma_Juman_(Kayan),Austronesian,umaj1240,umaj1240_REAL,N,0.0,1.48008,1.0,1.0,39,20,10
North_Marquesan,Austronesian,nort2845,nort2845_REAL,N,0.17208,1.84097,2.15597,1.98389,32,16,15
Indonesian,Austronesian,indo1316,indo1316_REAL,N,0.88654,1.18639,1.88654,1.0,39,20,6
Pendau,Austronesian,pend1242,pend1242_REAL,N,0.88654,1.18639,1.88654,1.0,39,20,6
Numbami,Austronesian,numb1247,numb1247_REAL,N,1.02165,2.87139,2.47775,1.4561,39,20,24
Olal,Austronesian,olal1237,olal1237_REAL,N,1.34646,2.23226,1.99679,0.65033,23,12,8
Padoe,Austronesian,pado1242,pado1242_REAL,N,0.0,0.98523,1.0,1.0,7,20,4
Arosi,Austronesian,aros1241,aros1241_REAL,N,0.98523,1.80735,0.98523,-0.0,14,10,5
Varisi,Austronesian,vari1239,vari1239_REAL,N,0.0,1.37878,1.0,1.0,7,20,6
Menui,Austronesian,menu1237,menu1237_REAL,N,0.0,0.98523,1.0,1.0,7,20,4
Mouk,Austronesian,mouk1240,mouk1240_REAL,N,0.91839,2.01822,2.3189,1.40051,39,16,12
Tonsea,Austronesian,tons1240,tons1240_REAL,N,0.88654,1.48008,1.88654,1.0,39,20,10
Casiguran_Dumagat_Agta,Austronesian,casi1235,casi1235_REAL,N,0.88654,1.18639,1.88654,1.0,39,20,6
Loniu,Austronesian,loni1238,loni1238_REAL,N,0.01012,0.98523,1.49261,1.48249,23,8,6
Tetum_(Tetun),Austronesian,tetu1245,tetu1245_REAL,N,0.88129,2.44644,2.25678,1.37549,15,16,15
Avava_(Bangasa_Dialect),Austronesian,katb1237,katb1237_REAL,N,1.53012,2.97356,1.99679,0.46667,23,12,15
Petapa_Taje,Austronesian,taje1237a,taje1237a_REAL,N,0.0,0.98523,1.0,1.0,7,20,4
Talise_(Tolo),Austronesian,tali1259,tali1259_REAL,N,0.00237,1.47404,1.58429,1.58192,39,20,9
Indonesian_Bajau,Austronesian,indo1317,indo1317_REAL,N,0.88654,1.18639,2.86438,1.97784,39,20,10
Xaracuu_(Canala),Austronesian,xara1244,xara1244_REAL,N,0.0,1.9183,1.0,1.0,6,20,8
Sungwaloge_(Navenvene),Austronesian,mari1426d,mari1426d_REAL,N,0.99679,1.45656,1.99679,1.0,23,20,6
Tetun_Dili_(Tetum),Austronesian,tetu1246,tetu1246_REAL,N,0.0,2.52164,1.0,1.0,7,20,12
Marquesas,Austronesian,marq1246,marq1246_REAL,N,0.0,1.95021,1.0,1.0,7,20,8
Letemboi-Repanbitip,Austronesian,lete1241,lete1241_REAL,N,0.0,1.95021,1.0,1.0,7,20,8
Kei,Austronesian,keii1239,keii1239_REAL,N,0.04301,1.06128,0.81669,0.77368,40,20,9
Southeast_Babar,Austronesian,sout2883,sout2883_REAL,N,0.0,0.98523,1.0,1.0,7,4,4
Butmas-Tur,Austronesian,butm1237,butm1237_REAL,N,0.04796,1.39215,0.96408,0.91612,19,12,6
Neverver,Austronesian,ling1265,ling1265_REAL,N,1.10308,2.04445,2.93002,1.82694,39,20,16
West_Futuna,Austronesian,west2515,west2515_REAL,N,0.96038,2.10393,2.39824,1.43786,39,20,14
North_Ambrym,Austronesian,nort2839,nort2839_REAL,N,1.05885,1.86763,1.87703,0.81818,15,20,8
Lau,Austronesian,lauu1247,lauu1247_REAL,N,0.0,1.95021,1.0,1.0,7,16,8
Takia,Austronesian,taki1248,taki1248_REAL,N,0.15396,1.32578,1.93211,1.77815,39,20,10
Laiwui,Austronesian,laiw1239,laiw1239_REAL,N,0.0,0.98523,1.0,1.0,7,20,4
Macushi,Cariban,macu1259,macu1259_REAL,N,0.84535,1.27761,2.57262,1.72727,38,20,10
Galibi_Carib,Cariban,gali1262,gali1262_REAL,N,0.67769,3.14624,2.08496,1.40727,40,20,31
Waimiri_Atroari,Cariban,waim1253,waim1253_REAL,N,0.91829,1.4183,2.58496,1.66667,40,20,10
De_kwana_Maquiritari_,Cariban,maqu1238,maqu1238_REAL,N,0.17095,0.92193,1.97095,1.8,36,20,8
Panare,Cariban,enap1235,enap1235_REAL,N,1.02206,2.18872,2.25163,1.22957,40,20,11
Wai_Wai,Cariban,waiw1244,waiw1244_REAL,N,0.23751,0.65002,2.18872,1.95121,40,20,8
Pemon,Cariban,pemo1248,pemo1248_REAL,N,0.91829,1.83496,2.58496,1.66667,40,20,18
Tamil,Dravidian,tami1289,tami1289_REAL,N,0.0,1.95021,1.0,1.0,7,20,8
Kodava,Dravidian,koda1255,koda1255_REAL,N,1.0,2.5,2.0,1.0,24,20,12
Malayalam,Dravidian,mala1464,mala1464_REAL,N,0.0,2.0,1.0,1.0,8,20,8
Gondi,Dravidian,gond1265,gond1265_REAL,N,0.0,1.5,1.0,1.0,8,4,6
Chenchu,Dravidian,chen1255,chen1255_REAL,N,1.52193,2.72193,1.52193,-0.0,20,18,7
Kuvi,Dravidian,kuvi1243,kuvi1243_REAL,N,0.5134,1.93626,2.12748,1.61408,15,20,12
Yerukula,Dravidian,yeru1240,yeru1240_REAL,N,0.0,1.52193,1.0,1.0,5,16,6
Malapandaram,Dravidian,mala1468,mala1468_REAL,N,1.25163,2.58496,1.9183,0.66667,16,20,10
Kui,Dravidian,kuii1252,kuii1252_REAL,N,1.24644,2.64644,2.52193,1.27549,32,20,16
Telugu,Dravidian,telu1262,telu1262_REAL,N,1.12581,2.45915,2.58496,1.45915,40,20,16
Kadar,Dravidian,kada1242,kada1242_REAL,N,0.0,2.0,1.0,1.0,8,20,8
Canarese,Dravidian,nucl1305,nucl1305_REAL,N,0.0,2.25,1.0,1.0,8,20,10
Koya,Dravidian,koya1251,koya1251_REAL,N,1.57262,2.73216,2.75444,1.18182,38,20,16
Paliyan,Dravidian,pali1274,pali1274_REAL,N,1.0,2.5,2.0,1.0,24,20,12
Kurukh,Dravidian,kuru1302,kuru1302_REAL,N,0.0,2.0,1.0,1.0,8,20,8
Toda,Dravidian,toda1252,toda1252_REAL,N,0.9183,1.4183,2.9183,2.0,40,20,12
Northern_Gondi,Dravidian,nort2702,nort2702_REAL,N,0.0,1.5,1.0,1.0,8,20,6
Dandami_Maria,Dravidian,dand1238,dand1238_REAL,N,1.26346,2.70689,1.99679,0.73333,23,20,12
Kashmiri,Indo-European,kash1277,kash1277_REAL,N,2.25163,3.25163,2.58496,0.33333,40,20,12
Tok_Pisin,Indo-European,tokp1240,tokp1240_REAL,N,0.93211,1.58219,1.93211,1.0,39,20,6
Modern_Welsh,Indo-European,wels1247,wels1247_REAL,N,0.9183,1.9183,1.9183,1.0,40,20,8
Hindi,Indo-European,hind1269,hind1269_REAL,N,0.0,2.0,1.0,1.0,8,20,8
Slovakian,Indo-European,slov1269,slov1269_REAL,N,0.9183,1.9183,2.25163,1.33333,40,20,10
Polish,Indo-European,poli1260,poli1260_REAL,N,2.25163,3.25163,2.58496,0.33333,40,20,12
Belarusian,Indo-European,bela1254,bela1254_REAL,N,0.9183,1.9183,1.9183,1.0,40,20,8
Negerhollands,Indo-European,nege1244,nege1244_REAL,N,0.0,1.0,1.0,1.0,40,4,4
Old_Russian,Indo-European,oldr1238,oldr1238_REAL,N,1.0,2.0,2.0,1.0,32,16,8
Old_Church_Slavonic,Indo-European,chur1257,chur1257_REAL,N,0.0,1.0,1.0,1.0,40,4,4
Serbocroation,Indo-European,sout1528,sout1528_REAL,N,1.45915,2.45915,2.25163,0.79248,40,20,10
Middle_High_German,Indo-European,midd1343,midd1343_REAL,N,1.8366,2.28104,2.28104,0.44444,28,20,7
Standard_Spanish,Indo-European,stan1288,stan1288_REAL,N,0.9183,2.25163,1.9183,1.0,40,20,12
Macedonian,Indo-European,mace1250,mace1250_REAL,N,0.9183,2.25163,2.25163,1.33333,40,20,14
Sardinian,Indo-European,sard1257,sard1257_REAL,N,0.9183,1.9183,1.9183,1.0,40,20,8
Frisian,Indo-European,fris1239,fris1239_REAL,N,0.88654,2.17574,1.88654,1.0,39,20,12
English,Indo-European,stan1293,stan1293_REAL,N,0.88654,1.18639,1.88654,1.0,39,20,6
Serbs,Indo-European,serb1264,serb1264_REAL,N,0.9183,1.9183,2.25163,1.33333,40,20,10
Eastern_Pahari_Nepali_,Indo-European,east1436,east1436_REAL,N,0.0,2.0,1.0,1.0,8,12,8
Albanian_Tosk_,Indo-European,tosk1239,tosk1239_REAL,N,0.91829,1.4183,2.58496,1.66667,40,20,10
Sanskrit,Indo-European,sans1269,sans1269_REAL,N,2.10393,3.39313,2.58219,0.47826,39,20,16
Bengâli,Indo-European,beng1280,beng1280_REAL,N,0.0,2.25,1.0,1.0,8,20,10
Standard_Catalan,Indo-European,stan1289,stan1289_REAL,N,0.9183,1.9183,1.9183,1.0,40,20,8
Tajik,Indo-European,taji1245,taji1245_REAL,N,0.0,2.0,1.0,1.0,8,16,8
Nepali,Indo-European,nepa1254,nepa1254_REAL,N,1.0958,2.55034,1.82307,0.72727,14,20,10
Swedish,Indo-European,swed1254,swed1254_REAL,N,0.91829,1.58496,2.58496,1.66667,40,20,12
Urdu,Indo-European,urdu1245,urdu1245_REAL,N,2.25163,3.58496,2.75163,0.5,40,20,18
Standard_German,Indo-European,stan1295,stan1295_REAL,N,0.9183,1.9183,1.9183,1.0,40,20,8
Irish,Indo-European,iris1253,iris1253_REAL,N,0.91829,1.25163,2.58496,1.66667,40,20,8
Ossetian,Indo-European,osse1243,osse1243_REAL,N,1.91829,2.25163,2.58496,0.66667,40,20,8
Latin,Indo-European,lati1261a,lati1261a_REAL,N,2.22987,2.5777,2.5777,0.34783,40,19,8
Panjabi,Indo-European,panj1256,panj1256_REAL,N,2.08496,3.4183,2.75163,0.66667,40,20,18
Ancient_Greek,Indo-European,anci1242,anci1242_REAL,N,0.9183,1.9183,1.9183,1.0,40,20,8
Western_Armenian,Indo-European,homs1234,homs1234_REAL,N,0.91829,1.58496,2.58496,1.66667,40,20,12
Latvian,Indo-European,latv1249,latv1249_REAL,N,0.9183,2.25163,2.4183,1.5,40,20,16
Czech,Indo-European,czec1258,czec1258_REAL,N,0.9183,1.9183,1.9183,1.0,40,20,8
Balochi,Indo-European,balo1260,balo1260_REAL,N,1.2244,1.22439,2.28104,1.05664,36,18,5
Marathi,Indo-European,mara1378,mara1378_REAL,N,2.25163,3.58496,2.58496,0.33333,40,20,16
Marwari_India_,Indo-European,marw1260,marw1260_REAL,N,2.05881,2.9477,2.72548,0.66667,28,20,13
Eastern_Armenian,Indo-European,east2283,east2283_REAL,N,0.91829,1.58496,2.58496,1.66667,40,20,12
Chavacano,Indo-European,chav1241,chav1241_REAL,N,0.88654,2.17574,1.88654,1.0,39,20,12
Old_Norse,Indo-European,oldn1244,oldn1244_REAL,N,1.5,2.5,2.0,0.5,24,20,8
Icelandic,Indo-European,icel1247,icel1247_REAL,N,0.91829,1.25163,2.58496,1.66667,40,20,8
Western_Farsi,Indo-European,west2369,west2369_REAL,N,2.22987,3.5777,2.5777,0.34783,40,19,16
Tokharian_B,Indo-European,tokh1243,tokh1243_REAL,N,0.0,1.0,1.0,1.0,8,4,4
Assamese,Indo-European,assa1263,assa1263_REAL,N,1.5,2.25,2.625,1.125,24,20,11
Portuguese,Indo-European,port1283,port1283_REAL,N,0.0,1.0,1.0,1.0,32,20,4
Kriol_Roper_River,Indo-European,krio1252,krio1252_REAL,N,0.22011,1.04344,1.9183,1.69819,40,20,8
Maithili,Indo-European,mait1250,mait1250_REAL,N,2.25163,3.58496,2.58496,0.33333,40,20,16
Hittite,Indo-European,hitt1242,hitt1242_REAL,N,0.91829,1.58496,1.58496,0.66667,40,8,5
Luxembourgish,Indo-European,luxe1241,luxe1241_REAL,N,0.9183,1.25163,1.9183,1.0,40,20,6
Bihari,Indo-European,biha1245,biha1245_REAL,N,0.0,1.0,1.0,1.0,4,10,4
Eastern_Yiddish,Indo-European,east2295,east2295_REAL,N,0.91829,1.58496,2.58496,1.66667,40,20,12
Judeo_Tat,Indo-European,jude1256,jude1256_REAL,N,0.91829,1.58496,2.58496,1.66667,40,20,12
Albanian,Indo-European,alba1267,alba1267_REAL,N,0.91829,2.25163,2.58496,1.66667,40,20,16
Gujarati,Indo-European,guja1252,guja1252_REAL,N,0.0,1.37878,1.0,1.0,7,20,6
Old_English_ca_450_1100_,Indo-European,olde1238,olde1238_REAL,N,1.45656,1.9899,2.30689,0.85033,22,20,8
Middle_English,Indo-European,midd1317,midd1317_REAL,N,0.91829,1.9183,1.58496,0.66667,16,20,6
Mahasu_Pahari,Indo-European,maha1287,maha1287_REAL,N,0.0,1.5,1.0,1.0,8,20,6
Kristang_(Malacca_Creole_Portugese),Indo-European,mala1533,mala1533_REAL,N,0.88654,2.00182,1.88654,1.0,39,20,10
Ossetic,Indo-European,osse1245,osse1245_REAL,N,0.0,1.0,1.0,1.0,8,4,4
Jamaican_Creole,Indo-European,jama1262,jama1262_REAL,N,0.91829,1.58496,2.58496,1.66667,40,20,12
Saterfriesisch,Indo-European,sate1242,sate1242_REAL,N,0.9183,1.9183,1.9183,1.0,40,20,8
Cornish,Indo-European,corn1251,corn1251_REAL,N,0.72193,1.52193,1.52193,0.8,12,20,5
Pashto,Indo-European,pash1269,pash1269_REAL,N,1.4183,3.08496,2.25163,0.83333,40,20,16
Italian,Indo-European,ital1282,ital1282_REAL,N,0.9183,1.9183,1.9183,1.0,40,20,8
Oriya,Indo-European,oriy1255,oriy1255_REAL,N,2.34964,3.654,2.69747,0.34783,38,20,17
Sindhi,Indo-European,sind1272,sind1272_REAL,N,2.25163,3.58496,2.75163,0.5,40,20,18
Breton,Indo-European,bret1244,bret1244_REAL,N,0.9183,1.9183,1.9183,1.0,40,20,8
Old_Irish,Indo-European,oldi1245,oldi1245_REAL,N,1.25163,1.9183,1.9183,0.66667,16,20,6
Central_Kurdish,Indo-European,cent1972,cent1972_REAL,N,1.9183,2.25163,2.25163,0.33333,40,20,7
Tokharian_A,Indo-European,tokh1242,tokh1242_REAL,N,0.0,1.0,1.0,1.0,8,4,4
Old_Welsh,Indo-European,oldw1239,oldw1239_REAL,N,0.72193,1.52193,1.52193,0.8,12,8,5
Russian,Indo-European,russ1263,russ1263_REAL,N,0.9183,1.9183,1.9183,1.0,40,20,8
Old_Prussian,Indo-European,prus1238,prus1238_REAL,N,0.0,1.0,1.0,1.0,8,12,4
Wallon,Indo-European,wall1255,wall1255_REAL,N,0.91829,1.9183,2.18872,1.27043,40,20,10
Kumaoni,Indo-European,kuma1273,kuma1273_REAL,N,0.91829,1.58496,2.58496,1.66667,40,20,13
Russian,Indo-European,russ1263a,russ1263a_REAL,N,0.88654,1.88205,1.88654,1.0,39,20,8
Dutch,Indo-European,dutc1256,dutc1256_REAL,N,0.9183,1.9183,1.9183,1.0,40,20,8
Lahnda,Indo-European,lahn1241,lahn1241_REAL,N,1.92193,2.32193,2.32193,0.4,40,16,7
Latin,Indo-European,lati1261,lati1261_REAL,N,0.88654,2.17574,2.58219,1.69565,39,20,16
Dari,Indo-European,dari1249,dari1249_REAL,N,2.25163,3.25163,2.58496,0.33333,40,20,12
Lithuanian,Indo-European,lith1251,lith1251_REAL,N,1.02206,2.18872,1.9183,0.89624,40,20,9
Northern_Kurdish,Indo-European,nort2641,nort2641_REAL,N,2.25163,3.25163,2.58496,0.33333,40,20,12
Boers,Indo-European,afri1274,afri1274_REAL,N,0.9183,1.9183,1.9183,1.0,40,20,8
Slovenian,Indo-European,slov1268,slov1268_REAL,N,0.9183,1.9183,1.9183,1.0,40,20,8
Gothic,Indo-European,goth1244,goth1244_REAL,N,0.0,1.0,1.0,1.0,40,4,4
Modern_Greek,Indo-European,mode1248,mode1248_REAL,N,0.9183,1.9183,1.9183,1.0,40,20,8
Vlax_Romani,Indo-European,vlax1238,vlax1238_REAL,N,0.9183,1.9183,1.9183,1.0,40,20,8
Bulgarian,Indo-European,bulg1262,bulg1262_REAL,N,0.91829,2.25163,2.58496,1.66667,40,20,16
Sinhala,Indo-European,sinh1246,sinh1246_REAL,N,1.0,2.5,2.25,1.25,24,20,14
Danish,Indo-European,dani1285,dani1285_REAL,N,0.91829,1.58496,2.58496,1.66667,40,20,12
Ukrainian,Indo-European,ukra1253,ukra1253_REAL,N,0.81128,1.81128,2.0,1.18872,32,20,8
Western_Panjabi,Indo-European,west2386,west2386_REAL,N,0.91829,1.58496,2.58496,1.66667,40,20,12
Romanian,Indo-European,roma1327,roma1327_REAL,N,0.9183,2.25163,1.9183,1.0,40,20,12
Armenian,Indo-European,nucl1235,nucl1235_REAL,N,2.25163,3.25163,2.58496,0.33333,40,20,12
Standard_French,Indo-European,stan1290,stan1290_REAL,N,0.88654,2.17574,1.88654,1.0,39,20,12
Torres_Strait_Creole_(Broken),Indo-European,torr1261,torr1261_REAL,N,0.5615,1.88205,2.25715,1.69565,39,20,12
Norwegian_Bokmål,Indo-European,norw1259,norw1259_REAL,N,0.9183,1.9183,1.9183,1.0,40,20,8
Avestan,Indo-European,aves1237,aves1237_REAL,N,0.0,1.0,1.0,1.0,40,4,4
Godoberi,Nakh-Daghestanian,ghod1238,ghod1238_REAL,N,0.91829,1.58496,2.58496,1.66667,40,20,12
Hinuq,Nakh-Daghestanian,hinu1240,hinu1240_REAL,N,0.91829,1.58496,2.58496,1.66667,40,20,12
Archi,Nakh-Daghestanian,arch1244,arch1244_REAL,N,0.91829,2.25163,2.58496,1.66667,40,20,16
Aghul,Nakh-Daghestanian,aghu1253,aghu1253_REAL,N,0.9183,1.4183,1.9183,1.0,40,20,8
Dargwa_Chirag_,Nakh-Daghestanian,chir1284,chir1284_REAL,N,0.9183,1.58496,1.9183,1.0,40,20,10
Bats_Tsova_Tush_,Nakh-Daghestanian,bats1242,bats1242_REAL,N,0.91829,1.58496,2.58496,1.66667,40,20,12
Avar,Nakh-Daghestanian,avar1256,avar1256_REAL,N,0.9183,1.58496,2.75163,1.83333,40,20,13
Avaz_Khunzakh_,Nakh-Daghestanian,kunz1243,kunz1243_REAL,N,0.9183,1.58496,2.25163,1.33333,40,20,11
Dargwa_Itsari_,Nakh-Daghestanian,itsa1239,itsa1239_REAL,N,0.9183,1.58496,1.9183,1.0,40,20,10
Chamalal_Gigatli_,Nakh-Daghestanian,giga1238,giga1238_REAL,N,0.91829,1.58496,2.58496,1.66667,40,20,12
Avar_Batlux_,Nakh-Daghestanian,batl1238,batl1238_REAL,N,0.9183,1.58496,1.9183,1.0,40,20,10
Bahvalal,Nakh-Daghestanian,bagv1239,bagv1239_REAL,N,0.91829,1.58496,2.58496,1.66667,40,20,12
Akhvakh_Northern_Akhvakh_,Nakh-Daghestanian,akhv1239,akhv1239_REAL,N,0.91829,1.58496,2.58496,1.66667,40,20,12
Avar_Andalal_,Nakh-Daghestanian,anda1281,anda1281_REAL,N,1.00794,1.80982,2.58496,1.57702,40,20,13
Inxokvari,Nakh-Daghestanian,inxo1238,inxo1238_REAL,N,0.91829,1.58496,2.58496,1.66667,40,20,12
Chamalal,Nakh-Daghestanian,cham1309,cham1309_REAL,N,0.91829,1.58496,2.58496,1.66667,40,20,12
Rutul,Nakh-Daghestanian,shin1265,shin1265_REAL,N,0.91829,1.58496,2.58496,1.66667,40,20,12
Hunzib,Nakh-Daghestanian,hunz1247,hunz1247_REAL,N,0.9183,1.58496,1.9183,1.0,40,20,10
Ingush,Nakh-Daghestanian,ingu1240,ingu1240_REAL,N,0.91829,1.58496,2.58496,1.66667,40,20,12
Budukh,Nakh-Daghestanian,budu1248,budu1248_REAL,N,0.54085,1.20752,2.58496,2.04411,40,20,12
Bezhta,Nakh-Daghestanian,bezh1248,bezh1248_REAL,N,0.91829,2.25163,2.58496,1.66667,40,20,16
Avar_Hid_dialect_,Nakh-Daghestanian,hidd1238,hidd1238_REAL,N,0.91829,1.58496,2.58496,1.66667,40,20,12
Avar_Ancux_,Nakh-Daghestanian,ancu1238,ancu1238_REAL,N,0.9183,1.58496,2.75163,1.83333,40,20,13
Andi,Nakh-Daghestanian,andi1255,andi1255_REAL,N,1.00794,1.80982,2.58496,1.57702,40,20,13
East_Kewa,Nuclear Trans New Guinea,east2516,east2516_REAL,N,0.99679,1.64022,1.99679,1.0,23,20,8
Proto_Sogeram,Nuclear Trans New Guinea,soge1235,soge1235_REAL,N,1.18973,1.9313,2.25568,1.06595,39,16,9
Komba,Nuclear Trans New Guinea,komb1273,komb1273_REAL,N,0.93211,2.00182,1.93211,1.0,39,20,10
Kalam,Nuclear Trans New Guinea,kala1397,kala1397_REAL,N,1.58219,2.87139,2.58219,1.0,39,20,16
Kyaka,Nuclear Trans New Guinea,kyak1244,kyak1244_REAL,N,0.88654,2.34965,2.23437,1.34783,39,20,15
Erave_(South_Kewa),Nuclear Trans New Guinea,erav1244,erav1244_REAL,N,0.99679,1.64022,1.99679,1.0,23,20,8
West_Kewa,Nuclear Trans New Guinea,west2599,west2599_REAL,N,0.99679,1.64022,1.99679,1.0,23,20,8
Ku_Waru,Nuclear Trans New Guinea,boun1245,boun1245_REAL,N,0.0,0.98523,1.0,1.0,7,20,4
Tlingit,Other,tlin1245,tlin1245_REAL,N,0.0,1.5,1.0,1.0,8,20,6
Kimaama,Other,kima1246,kima1246_REAL,N,0.0,1.47404,1.0,1.0,39,20,6
Mosetén_Chimané,Other,mose1249,mose1249_REAL,N,0.0,2.0,1.0,1.0,8,20,8
Hare_Indians_or_Tä-nä'-tin-ne,Other,hare1243,hare1243_REAL,N,0.0,2.0,1.0,1.0,8,20,8
Japanese,Other,japa1256,japa1256_REAL,N,0.0,1.95021,1.0,1.0,7,20,8
Kuot,Other,kuot1243,kuot1243_REAL,N,1.20899,2.11808,1.93626,0.72727,20,16,8
Buin,Other,buin1247,buin1247_REAL,N,0.99679,2.70689,1.99679,1.0,23,20,14
Nunamiut,Other,nort2944,nort2944_REAL,N,0.9183,2.08496,1.9183,1.0,40,20,10
Angaite,Other,anga1316,anga1316_REAL,N,0.0,-0.0,1.0,1.0,4,20,2
Kemtuik,Other,kemt1242,kemt1242_REAL,N,1.77742,2.80575,2.93002,1.1526,39,20,17
Mblafe,Other,mbla1238,mbla1238_REAL,N,0.0,1.37878,1.0,1.0,7,4,6
Mairasi,Other,nucl1594,nucl1594_REAL,N,0.00073,0.99864,1.93211,1.93138,39,20,8
Nimboran,Other,nucl1633,nucl1633_REAL,N,0.75498,2.48752,1.93211,1.17713,39,20,13
Lipan_Apache,Other,lipa1241,lipa1241_REAL,N,0.58497,1.9183,1.9183,1.33333,40,20,10
Cocopa,Other,coco1261,coco1261_REAL,N,1.12068,2.45739,3.00169,1.88101,35,20,23
Kamano,Other,kama1370,kama1370_REAL,N,1.18639,1.30617,1.86887,0.68248,39,20,8
Navajo,Other,nava1243,nava1243_REAL,N,1.15956,2.20511,2.57132,1.41176,28,20,13
Achuar,Other,achu1249,achu1249_REAL,N,0.0,-0.0,1.25163,1.25163,40,20,3
Tabasco_Chontal_(Chontal_Tabasco),Other,taba1266,taba1266_REAL,N,0.0,2.0,1.0,1.0,8,7,8
Berik,Other,beri1254,beri1254_REAL,N,0.0,0.98523,1.0,1.0,7,20,4
Maybrat,Other,maib1239,maib1239_REAL,N,0.93211,2.10393,1.93211,1.0,39,20,10
Korafe,Other,kora1295,kora1295_REAL,N,0.93211,2.40378,1.93211,1.0,39,20,12
Marra,Other,mara1385,mara1385_REAL,N,0.31128,1.29085,2.45915,2.14787,40,20,14
Winnebagoe,Other,winn1245,winn1245_REAL,N,0.0,2.23593,1.0,1.0,7,20,10
Tukuthe,Other,gwic1235,gwic1235_REAL,N,0.06291,2.22957,0.9183,0.85539,8,15,9
Kemiju_(Jate),Other,keya1238,keya1238_REAL,N,1.18639,1.30617,1.86887,0.68248,39,20,8
Yalic,Other,yali1257,yali1257_REAL,N,0.0,0.98523,1.0,1.0,7,20,4
Japanese,Other,nucl1643,nucl1643_REAL,N,0.9183,1.58496,1.9183,1.0,40,20,10
Ayoreo,Other,ayor1240,ayor1240_REAL,N,0.61749,1.95083,2.58496,1.96747,40,20,16
Iwam,Other,iwam1256,iwam1256_REAL,N,0.0,2.23593,1.0,1.0,7,20,10
Dalabon,Other,ngal1292,ngal1292_REAL,N,0.0,1.44882,1.0,1.0,7,20,6
Duna,Other,duna1248,duna1248_REAL,N,0.93211,1.88205,1.93211,1.0,39,20,8
Nyulnyul,Other,nyul1247,nyul1247_REAL,N,0.79186,0.96375,2.17281,1.38095,37,20,7
Dakota_Brule,Other,brul1239,brul1239_REAL,N,0.0,2.75,1.0,1.0,8,20,14
Abui,Other,abui1241,abui1241_REAL,N,0.0,1.95021,1.0,1.0,7,20,8
Dogrib,Other,dogr1252,dogr1252_REAL,N,0.0,1.95021,-0.0,-0.0,7,10,4
Ket,Other,kett1243,kett1243_REAL,N,0.84535,1.82307,1.84535,1.0,38,20,8
Puinave,Other,puin1248,puin1248_REAL,N,0.0,2.0,1.0,1.0,8,20,8
Netsilik,Other,nets1241,nets1241_REAL,N,0.48509,2.20915,2.72018,2.23509,40,20,24
Southern_Coastal_Tsimshian,Other,nucl1649,nucl1649_REAL,N,0.0,1.0,1.0,1.0,40,4,4
Foi,Other,foii1241,foii1241_REAL,N,0.4138,1.37878,0.98523,0.57143,7,20,4
Shasta,Other,shas1239,shas1239_REAL,N,0.95854,2.11808,2.57262,1.61408,36,20,14
Usurufa,Other,usar1243,usar1243_REAL,N,1.18639,1.30617,1.86887,0.68248,39,20,8
Suki,Other,suki1245,suki1245_REAL,N,0.0,1.95021,1.0,1.0,7,20,8
Inanwatan_(Suabo),Other,inan1242,inan1242_REAL,N,0.4984,2.44022,1.4984,1.0,23,18,12
Lardil,Other,lard1243,lard1243_REAL,N,1.25716,1.88205,2.43107,1.17391,39,20,9
Cayuga,Other,cayu1261,cayu1261_REAL,N,0.0,2.0,1.0,1.0,8,20,8
Cayubaba,Other,cayu1262,cayu1262_REAL,N,0.0,1.5,1.0,1.0,40,4,6
Dene_Suliné,Other,chip1261,chip1261_REAL,N,0.88654,1.48008,1.88654,1.0,39,20,10
Crow,Other,crow1244,crow1244_REAL,N,0.0,2.75,1.0,1.0,8,20,14
ASF_Auslan,Other,aust1271,aust1271_REAL,N,0.88654,1.18639,1.88654,1.0,39,20,6
Umbu-Ungu,Other,umbu1258,umbu1258_REAL,N,0.99864,1.89185,2.12992,1.13128,39,20,11
Wyandote,Other,wyan1247,wyan1247_REAL,N,0.0,2.0,1.0,1.0,8,20,8
Warta_Thuntai,Other,gunt1241,gunt1241_REAL,N,0.0,0.98523,-0.0,-0.0,7,4,2
Meyah,Other,meya1236,meya1236_REAL,N,0.0,1.95021,1.0,1.0,7,20,8
Maklew,Other,makl1246,makl1246_REAL,N,0.0,0.98523,1.0,1.0,7,4,4
Meriam,Other,meri1244,meri1244_REAL,N,0.46606,1.58219,1.46606,1.0,39,20,6
Délįne,Other,nort2942,nort2942_REAL,N,0.79186,1.91613,2.55376,1.7619,37,20,14
Sanapana,Other,sana1298,sana1298_REAL,N,0.72193,0.72193,2.52193,1.8,36,20,6
Galeia_A,Other,gale1259,gale1259_REAL,N,1.04644,2.54644,1.52193,0.47549,40,7,9
Tuyuca,Other,tuyu1244,tuyu1244_REAL,N,0.72193,0.92193,2.52193,1.8,36,20,8
Moni,Other,moni1261,moni1261_REAL,N,0.0,1.95021,1.0,1.0,7,20,8
Doutai,Other,dout1240,dout1240_REAL,N,0.07834,1.95315,1.46606,1.38772,39,20,11
Cubeo,Other,cube1242,cube1242_REAL,N,0.5,2.0,1.5,1.0,32,16,8
Tesuque,Other,tesu1245,tesu1245_REAL,N,0.0,1.5,1.0,1.0,8,12,6
Kiowa_Apache,Other,kiow1264,kiow1264_REAL,N,0.0,1.0,1.0,1.0,8,20,4
Western_Pantar,Other,lamm1241,lamm1241_REAL,N,0.93211,2.52356,1.93211,1.0,39,20,14
Nasioi,Other,naas1242,naas1242_REAL,N,0.0,1.37878,1.0,1.0,7,20,6
Tidore_(version_1),Other,tido1248,tido1248_REAL,N,0.25163,2.4183,0.9183,0.66667,8,19,9
Awa,Other,imbo1238,imbo1238_REAL,N,0.0,1.84237,1.0,1.0,7,20,8
Setaman_Baktamin,Other,seta1246,seta1246_REAL,N,0.0,1.95021,1.0,1.0,7,20,8
Kiwaian,Other,sout2949,sout2949_REAL,N,0.0,1.95021,1.0,1.0,7,20,8
Sion,Other,sion1247,sion1247_REAL,N,0.84535,1.0958,1.84535,1.0,35,12,6
Waffa,Other,waff1241,waff1241_REAL,N,0.0,1.95021,1.0,1.0,7,20,8
Mountain_Cherokee,Other,cher1273,cher1273_REAL,N,0.0,2.75,1.0,1.0,8,20,14
Pagu,Other,pagu1249,pagu1249_REAL,N,0.98523,1.4138,1.95021,0.96498,24,19,6
Huli,Other,huli1244,huli1244_REAL,N,0.94067,1.88205,2.58219,1.64152,39,20,14
Fore,Other,fore1270,fore1270_REAL,N,0.0,2.23593,1.0,1.0,7,20,10
Trumai,Other,trum1247,trum1247_REAL,N,0.0,2.0,1.0,1.0,8,16,8
Kunza,Other,kunz1244,kunz1244_REAL,N,0.0,1.5,1.0,1.0,8,4,6
Ketengban,Other,kete1254,kete1254_REAL,N,0.0,1.37878,1.0,1.0,7,20,6
Dakota_Isauntie,Other,dako1258,dako1258_REAL,N,0.0,2.75,1.0,1.0,8,20,14
Kalamang,Other,kara1499,kara1499_REAL,N,1.58219,2.78443,3.24502,1.66283,39,20,26
Cha_palaa,Other,chac1249,chac1249_REAL,N,0.0,2.0,1.0,1.0,8,20,8
Bardi,Other,bard1254,bard1254_REAL,N,0.0,1.37878,1.0,1.0,7,20,6
Midob,Other,mido1240,mido1240_REAL,N,2.0,3.0,2.0,-0.0,40,16,8
Tuscarora,Other,tusc1257,tusc1257_REAL,N,0.0,1.5,1.0,1.0,8,20,6
Waorani,Other,waor1240,waor1240_REAL,N,0.84535,1.27761,2.57262,1.72727,38,20,10
Slave_Lake_Indians_or_A-cha'o-tin-ne,Other,slav1253,slav1253_REAL,N,0.0,2.0,1.0,1.0,8,20,8
Kootenay,Other,kute1249,kute1249_REAL,N,0.125,2.25,1.5,1.375,8,16,13
Toba,Other,toba1269,toba1269_REAL,N,0.9183,1.58496,1.9183,1.0,40,20,10
Savosavo,Other,savo1255,savo1255_REAL,N,0.00119,1.47404,1.46606,1.46487,39,20,9
Wappo,Other,wapp1239,wapp1239_REAL,N,0.0,1.58496,1.0,1.0,33,2,6
Ende_(Papua_New_Guinea),Other,ende1235,ende1235_REAL,N,0.88654,1.48008,2.94699,2.06045,39,20,15
Blagar,Other,blag1240,blag1240_REAL,N,0.74249,1.73995,1.53196,0.78947,39,16,6
Two_Mountain_Iroquios,Other,laur1250,laur1250_REAL,N,0.0,2.0,1.0,1.0,8,20,8
Bilua,Other,bilu1245,bilu1245_REAL,N,0.11823,1.18639,1.46606,1.34783,39,20,7
Baruya,Other,baru1267,baru1267_REAL,N,0.0,1.37878,1.0,1.0,7,20,6
Rotokas,Other,roto1249,roto1249_REAL,N,0.93211,2.5777,1.93211,1.0,39,20,12
Mali,Other,mali1284,mali1284_REAL,N,0.0,1.95021,1.0,1.0,7,6,8
Maca,Other,maca1260,maca1260_REAL,N,0.0,-0.0,-0.0,-0.0,33,2,1
Xibe,Other,xibe1242,xibe1242_REAL,N,1.58219,2.87139,2.93002,1.34783,39,20,20
Nen,Other,nenn1238,nenn1238_REAL,N,0.0,2.52164,1.0,1.0,7,20,12
Tzeltal,Other,tzel1254,tzel1254_REAL,N,0.91829,1.89106,2.30827,1.38998,35,10,10
Yele_(Yélî_Dnye),Other,yele1255,yele1255_REAL,N,1.28234,2.27785,2.58219,1.29985,39,20,12
Kung,Other,juho1239,juho1239_REAL,N,0.9183,1.4183,1.25163,0.33333,40,20,7
Murrinhpatha,Other,murr1258,murr1258_REAL,N,0.93211,1.58219,1.93211,1.0,39,20,6
Choctaw_(2),Other,choc1276,choc1276_REAL,N,0.12582,2.29248,0.9183,0.79248,8,19,9
Yawa,Other,nucl1454,nucl1454_REAL,N,0.58428,2.5777,1.93211,1.34783,39,20,16
Gui_(Gwi),Other,gwii1239,gwii1239_REAL,N,1.4749,2.3244,2.45091,0.97601,39,20,11
Central_Aymara,Other,cent2142,cent2142_REAL,N,0.0,2.0,1.0,1.0,40,4,8
Sawi,Other,sawi1257,sawi1257_REAL,N,0.0,1.95021,1.0,1.0,7,20,8
Gününa_Küne,Other,puel1244,puel1244_REAL,N,0.91829,1.4183,2.58496,1.66667,40,20,10
Teiwa,Other,teiw1235,teiw1235_REAL,N,0.95528,2.58284,1.93211,0.97683,39,20,13
Yanomámi,Other,yano1262,yano1262_REAL,N,0.0,-0.0,1.0,1.0,3,20,2
Minnitaree,Other,hida1246,hida1246_REAL,N,0.12582,2.45915,0.9183,0.79248,8,19,10
Onondaga,Other,onon1246,onon1246_REAL,N,0.0,1.95021,1.0,1.0,7,20,8
Nivacle,Other,niva1238,niva1238_REAL,N,0.62925,0.77424,1.62925,1.0,35,20,6
Sougb,Other,mani1235,mani1235_REAL,N,0.0,2.23593,1.0,1.0,7,20,10
Kayardild,Other,kaya1318,kaya1318_REAL,N,0.0,1.95021,1.0,1.0,7,20,8
Kwoma,Other,kwom1262,kwom1262_REAL,N,1.39243,2.90967,2.93002,1.53759,39,20,26
Hewa,Other,hewa1241,hewa1241_REAL,N,0.93211,1.58219,1.93211,1.0,39,20,6
Limilngan,Other,limi1242,limi1242_REAL,N,0.7642,2.16993,1.54198,0.77778,15,10,9
Marind,Other,nucl1622,nucl1622_REAL,N,0.80083,2.21836,1.93211,1.13128,39,20,13
Assiniboine_(Asiniboine),Other,assi1247,assi1247_REAL,N,0.0,2.75,1.0,1.0,8,20,14
Miani,Other,mian1254,mian1254_REAL,N,0.0,2.23593,1.0,1.0,7,20,10
Kombai,Other,komb1274,komb1274_REAL,N,0.0,1.37878,1.0,1.0,7,20,6
Watam,Other,wata1253,wata1253_REAL,N,0.0,1.95021,1.0,1.0,7,20,8
Adang,Other,adan1251,adan1251_REAL,N,0.78808,2.41359,2.23437,1.44629,39,20,18
Taiap,Other,taia1239,taia1239_REAL,N,0.0,1.37878,1.0,1.0,7,20,6
Bininj_Kun-wok,Other,gunw1252,gunw1252_REAL,N,0.0,0.81128,1.0,1.0,8,20,4
Konda_(Western_Dani),Other,west2594,west2594_REAL,N,0.49261,2.80735,1.49261,1.0,7,20,14
Eyak,Other,eyak1241,eyak1241_REAL,N,0.0,1.25163,1.0,1.0,6,20,6
Northwestern_Maidu,Other,nort2951,nort2951_REAL,N,1.23639,2.26847,2.53163,1.29524,33,20,13
Amanab,Other,aman1265,aman1265_REAL,N,1.11459,2.22987,2.93002,1.81543,39,20,22
Touo,Other,touo1238,touo1238_REAL,N,1.93002,2.75161,2.58219,0.65217,39,20,11
Nama,Other,nama1266,nama1266_REAL,N,0.84303,1.91317,2.85595,2.01292,39,20,18
Omahä,Other,omah1247,omah1247_REAL,N,0.0,3.0,1.0,1.0,8,20,16
Ekari,Other,ekar1243,ekar1243_REAL,N,0.0,1.37878,1.0,1.0,7,20,6
Dakota_Uncpapa,Other,lako1247,lako1247_REAL,N,0.0,2.75,1.0,1.0,8,20,14
"Western_Canadian_Inuktitut_(Eskimo,_West_of_Hudson's_Bay)",Other,west2618,west2618_REAL,N,0.0,2.0,1.0,1.0,4,4,8
Bari,Other,bari1297,bari1297_REAL,N,0.91829,1.25163,2.58496,1.66667,40,20,8
Idi,Other,nucl1597,nucl1597_REAL,N,0.0,0.98523,1.0,1.0,7,20,4
Lengua,Other,leng1262,leng1262_REAL,N,0.0,-0.0,2.47135,2.47135,35,20,6
Tehuelche,Other,tehu1242,tehu1242_REAL,N,0.9183,0.9183,2.25163,1.33333,40,20,5
Jicarilla,Other,jica1244,jica1244_REAL,N,1.08496,2.25163,2.25163,1.16667,40,20,11
Grand_Pawnee,Other,pawn1254,pawn1254_REAL,N,0.0,2.15564,1.0,1.0,8,20,10
Muisca_Chibcha_,Other,chib1270,chib1270_REAL,N,0.0,1.5,1.0,1.0,8,20,6
Au,Other,auuu1241,auuu1241_REAL,N,0.5615,1.30617,2.43107,1.86957,39,20,11
Khalkha-Mongolian,Other,mong1331,mong1331_REAL,N,0.0,1.37878,1.0,1.0,7,20,6
Hunza,Other,hunz1248,hunz1248_REAL,N,0.0,-0.0,1.25163,1.25163,40,20,3
Copper_Inuit,Other,copp1244,copp1244_REAL,N,0.9183,2.4183,1.25163,0.33333,40,20,14
Elamite,Other,elam1244,elam1244_REAL,N,0.0,1.0,1.0,1.0,40,4,4
Awiakay,Other,awia1234,awia1234_REAL,N,1.38429,2.87139,3.1669,1.78261,39,20,30
I'saka_(Krisa),Other,kris1246,kris1246_REAL,N,0.0,1.95021,1.0,1.0,7,20,8
Tsafiki,Other,colo1249,colo1249_REAL,N,0.0,1.0,1.0,1.0,8,20,4
Wersing,Other,wers1238,wers1238_REAL,N,0.0,1.95021,1.0,1.0,7,20,8
Itonama,Other,iton1250,iton1250_REAL,N,0.0,1.0,1.0,1.0,40,4,4
Movima,Other,movi1243,movi1243_REAL,N,0.0,1.5,1.0,1.0,8,20,6
Yale,Other,kosa1249,kosa1249_REAL,N,0.0,1.95021,1.0,1.0,7,20,8
Yuracare,Other,yura1255,yura1255_REAL,N,0.0,2.23593,1.0,1.0,7,20,10
Kilmeri,Other,kilm1241,kilm1241_REAL,N,0.0,2.23593,1.0,1.0,7,20,10
"Baffin_Inuktitut_(Eskimo,_Northumberland_Inlet)",Other,baff1241,baff1241_REAL,N,0.0,2.5,1.0,1.0,8,20,12
Kamang,Other,kama1365,kama1365_REAL,N,1.68738,3.02006,2.93002,1.24264,39,20,21
Iau,Other,iauu1242,iauu1242_REAL,N,0.00119,2.51752,1.46606,1.46487,39,20,18
Koiari,Other,gras1249,gras1249_REAL,N,0.49434,0.96375,2.25624,1.7619,37,20,8
Páez,Other,paez1247,paez1247_REAL,N,0.0,-0.0,2.58496,2.58496,40,20,6
Basque,Other,west1508,west1508_REAL,N,0.9183,2.4183,1.9183,1.0,40,20,16
Mocoví,Other,moco1246,moco1246_REAL,N,0.31669,0.81669,1.9183,1.60161,40,20,8
Chimariko,Other,chim1301,chim1301_REAL,N,0.84535,1.0958,2.20899,1.36364,38,20,7
Monumbo,Other,nucl1458,nucl1458_REAL,N,0.0,2.23593,1.0,1.0,7,20,10
Kiraman,Other,kira1248,kira1248_REAL,N,0.0,1.95021,1.0,1.0,7,20,8
Ganggalida,Other,gang1267,gang1267_REAL,N,0.0,2.12809,1.0,1.0,7,20,10
Pumé,Other,pume1238,pume1238_REAL,N,0.54085,1.20752,2.58496,2.04411,40,20,12
Cusco_Quechua,Other,cusc1236,cusc1236_REAL,N,1.19818,2.73152,2.44022,1.24204,40,11,16
Daribi,Other,dadi1250,dadi1250_REAL,N,0.93211,1.58219,1.93211,1.0,39,20,6
Tolowa,Other,tolo1259,tolo1259_REAL,N,0.0,2.0,1.0,1.0,24,4,8
Wailaki,Other,wail1244,wail1244_REAL,N,0.21922,2.14928,2.58103,2.36181,31,20,24
Mapudungun,Other,mapu1245,mapu1245_REAL,N,0.91829,1.25163,2.58496,1.66667,40,20,8
Tucanoan_Bará,Other,waim1255,waim1255_REAL,N,1.11459,2.75161,2.58219,1.4676,39,20,20
Laguna,Other,west2632,west2632_REAL,N,0.0,1.58496,1.0,1.0,3,12,6
Seri,Other,seri1257,seri1257_REAL,N,0.72193,0.92193,2.52193,1.8,36,20,8
Otoe,Other,otoo1241,otoo1241_REAL,N,0.0,2.52164,1.0,1.0,7,20,12
Cruzeño,Other,cruz1243,cruz1243_REAL,N,0.0,1.95021,1.0,1.0,7,4,8
Yucatec_Maya,Other,yuca1254,yuca1254_REAL,N,0.88129,1.84644,2.05678,1.17549,13,14,9
Neme,Other,neme1244,neme1244_REAL,N,0.0,0.9183,1.0,1.0,3,13,4
DeneTha_South_Slavey_,Other,sout2959,sout2959_REAL,N,0.9183,1.58496,2.25163,1.33333,40,20,11
Qawasquar,Other,qawa1238,qawa1238_REAL,N,1.0,2.0,1.5,0.5,40,12,9
Tabla,Other,tabl1243,tabl1243_REAL,N,0.93211,1.93002,1.93211,1.0,39,20,8
Kogi,Other,cogu1240,cogu1240_REAL,N,0.0,1.95021,1.0,1.0,7,20,8
Punkä,Other,ponc1241,ponc1241_REAL,N,0.0,2.52164,1.0,1.0,7,20,12
Iyojwa_ja_Chorote,Other,iyoj1235,iyoj1235_REAL,N,0.0,1.0,1.5,1.5,36,4,6
Nungon,Other,yaum1237,yaum1237_REAL,N,0.0,2.23593,1.0,1.0,7,20,10
Chickasa,Other,chic1270,chic1270_REAL,N,0.0,2.25,1.0,1.0,8,20,10
Chipaya,Other,chip1262,chip1262_REAL,N,0.0,1.5,1.0,1.0,8,4,6
Yamana,Other,yama1264,yama1264_REAL,N,0.9183,1.58496,1.9183,1.0,40,20,10
Karok,Other,karo1304,karo1304_REAL,N,0.0,2.0,1.0,1.0,8,20,8
Tidore,Other,tido1249,tido1249_REAL,N,0.0,1.95021,1.0,1.0,7,20,8
Pilagá,Other,pila1245,pila1245_REAL,N,0.31669,0.81669,1.9183,1.60161,40,20,8
Alamblak,Other,alam1246,alam1246_REAL,N,0.0,2.23593,1.0,1.0,7,20,10
Northeastern_Maidu,Other,nort2952,nort2952_REAL,N,1.12581,2.12581,2.58496,1.45915,40,20,14
Negwa_(Yagwoia),Other,yagw1240,yagw1240_REAL,N,0.0,1.95021,1.0,1.0,7,20,8
Wichí,Other,wich1264,wich1264_REAL,N,0.0,1.0,1.0,1.0,4,4,4
Eipo,Other,eipo1242,eipo1242_REAL,N,1.72667,3.56704,2.20493,0.47826,39,20,18
Isirawa,Other,isir1237,isir1237_REAL,N,1.50504,1.8049,3.10393,1.59889,39,20,11
Hupa,Other,hupa1239,hupa1239_REAL,N,0.0,1.95021,1.0,1.0,7,20,8
NorthMuyu,Other,nort2916,nort2916_REAL,N,0.0,1.37878,1.0,1.0,7,20,6
Hoti_Yuwana_,Other,yuwa1244,yuwa1244_REAL,N,0.0,2.0,1.0,1.0,8,8,8
Wambaya,Other,wamb1258,wamb1258_REAL,N,1.53012,2.97356,1.99679,0.46667,39,12,12
Northern_Haida,Other,nort2938,nort2938_REAL,N,0.0,1.5,1.0,1.0,8,4,6
Epena,Other,epen1239,epen1239_REAL,N,0.0,2.0,1.0,1.0,8,4,8
Wipi,Other,wipi1242,wipi1242_REAL,N,0.0,1.37878,1.0,1.0,7,4,6
Telefol,Other,tele1256,tele1256_REAL,N,1.93002,2.52356,2.93002,1.0,39,20,14
Cofan,Other,cofa1242,cofa1242_REAL,N,0.0,1.0,1.0,1.0,36,4,4
Nagovisi,Other,sibe1248,sibe1248_REAL,N,0.0,1.95021,1.0,1.0,7,20,8
Selk_nam,Other,onaa1245,onaa1245_REAL,N,0.54085,1.20752,2.58496,2.04411,40,20,12
Loloda-Laba_(Loda),Other,lolo1264,lolo1264_REAL,N,0.12582,1.95915,0.9183,0.79248,8,19,7
Jingulu,Other,djin1251,djin1251_REAL,N,0.0,1.95021,1.0,1.0,7,20,8
Mala,Other,mala1294,mala1294_REAL,N,0.0,2.52164,1.0,1.0,7,20,12
Seneca,Other,sene1264,sene1264_REAL,N,0.0,2.0,1.0,1.0,8,20,8
Kaw,Other,kans1243,kans1243_REAL,N,0.0,2.75,1.0,1.0,8,20,14
"Kalaallisut_(Eskimo,_Greenland)",Other,kala1399,kala1399_REAL,N,0.0,3.0,1.0,1.0,8,20,16
Mohawk,Other,moha1258,moha1258_REAL,N,0.0,2.25,1.0,1.0,8,20,10
Kashaya,Other,kash1280,kash1280_REAL,N,0.35876,1.99578,2.93002,2.57126,39,20,24
Zuni,Other,zuni1245,zuni1245_REAL,N,0.0,1.0,1.0,1.0,4,20,4
Aguaruna,Other,agua1253,agua1253_REAL,N,0.9183,1.25163,2.9183,2.0,40,20,12
Quechan,Other,quec1382,quec1382_REAL,N,1.57662,2.19969,2.57662,1.0,21,16,10
Oneida,Other,onei1249,onei1249_REAL,N,0.0,2.25,1.0,1.0,8,20,10
Ninam,Other,nina1238,nina1238_REAL,N,0.13983,0.62925,1.98194,1.84211,35,20,6
Arikara_(Arickaree),Other,arik1262,arik1262_REAL,N,0.0,1.75,1.0,1.0,8,20,8
Siwai_Motuna,Other,siwa1245,siwa1245_REAL,N,0.23646,1.39313,1.93211,1.69565,39,20,12
Creek,Other,cree1270,cree1270_REAL,N,0.0,2.5,1.0,1.0,8,20,12
Yukulta_(Ganggalida),Other,gang1267a,gang1267a_REAL,N,0.98627,2.66123,2.04434,1.05807,27,14,14
Tidore_(version_2),Other,tido1248a,tido1248a_REAL,N,0.18873,2.18872,0.9183,0.72957,8,19,8
Yakama,Other,yaki1237,yaki1237_REAL,N,0.0,2.5,1.0,1.0,8,20,12
Komnzo,Other,komn1238,komn1238_REAL,N,1.25715,2.22987,2.08324,0.82609,39,20,9
Atsugewi,Other,atsu1245,atsu1245_REAL,N,0.72193,0.92193,2.52193,1.8,18,10,8
Basque,Other,basq1248,basq1248_REAL,N,0.91829,1.25163,2.58496,1.66667,40,20,8
Kuman,Other,kuma1280,kuma1280_REAL,N,0.49438,1.48008,2.1457,1.65132,39,20,13
Kunimaipa,Other,kuni1267,kuni1267_REAL,N,0.0,1.95021,1.0,1.0,7,20,8
Western_Apache,Other,west2615,west2615_REAL,N,1.18872,2.18872,2.25163,1.06291,40,20,10
Kaure,Other,kaur1271,kaur1271_REAL,N,0.0,1.95021,1.0,1.0,7,20,8
Nambo,Other,namb1293,namb1293_REAL,N,0.0,1.55666,1.0,1.0,7,20,6
Iowä,Other,iowa1245,iowa1245_REAL,N,0.0,2.75,1.0,1.0,8,20,14
Osage,Other,osag1243,osag1243_REAL,N,0.0,2.23593,1.0,1.0,7,20,10
Edopi,Other,edop1238,edop1238_REAL,N,0.46606,2.22987,1.63997,1.17391,39,20,11
Mattole,Other,matt1238,matt1238_REAL,N,0.0,-0.0,1.0,1.0,4,2,2
Momu-Fas,Other,fass1245,fass1245_REAL,N,0.9406,2.51564,1.93211,0.99151,39,20,14
Madole,Other,modo1249,modo1249_REAL,N,0.62925,1.47135,1.61635,0.9871,36,19,6
Degexit_an,Other,dege1248,dege1248_REAL,N,0.0,1.0,1.0,1.0,8,4,4
Mandan,Other,mand1446,mand1446_REAL,N,0.0,1.90564,1.0,1.0,8,19,8
Chiricahua,Other,mesc1238,mesc1238_REAL,N,0.15835,1.32501,1.9183,1.75995,40,20,9
Korowai,Other,koro1312,koro1312_REAL,N,0.0,1.95021,1.0,1.0,7,20,8
Onobasulu,Other,onob1238,onob1238_REAL,N,0.36064,1.97881,1.93211,1.57147,39,20,14
Gimi,Other,gimi1243,gimi1243_REAL,N,0.62914,1.71178,1.56902,0.93988,39,20,11
Northern_Pomo,Other,nort2966,nort2966_REAL,N,1.49491,3.0958,1.94946,0.45455,17,20,12
Agob-Ende-Kawam,Other,agob1244,agob1244_REAL,N,0.0,0.9183,1.0,1.0,3,11,4
Northern_Embera,Other,nort2972,nort2972_REAL,N,0.9183,1.58496,1.9183,1.0,40,20,10
Grand_Valley_Dani,Other,lowe1415,lowe1415_REAL,N,0.0,1.6645,1.0,1.0,7,20,8
Yelmek,Other,yelm1242,yelm1242_REAL,N,0.0,0.98523,1.0,1.0,7,20,4
Nen,Other,nenn1238a,nenn1238a_REAL,N,0.0,0.98523,1.0,1.0,7,20,4
Nuu_Chah_Nulth,Other,nuuc1236,nuuc1236_REAL,N,0.0,0.9183,1.0,1.0,6,4,4
Tucano,Other,tuca1252,tuca1252_REAL,N,2.16829,4.00163,2.58496,0.41667,40,20,22
Dhuwal-Dhuwala_(Yolngu),Pama-Nyungan,dhuw1248,dhuw1248_REAL,N,1.40299,2.12128,1.98194,0.57895,31,20,8
Paakantyi,Pama-Nyungan,darl1243,darl1243_REAL,N,1.0,2.0,2.25,1.25,24,12,11
Malgana,Pama-Nyungan,malg1242a,malg1242a_REAL,N,0.0,0.9183,1.0,1.0,3,6,4
Yir-Yoront,Pama-Nyungan,yiry1245,yiry1245_REAL,N,0.94566,2.1867,1.94566,1.0,15,12,10
Wangkangurru,Pama-Nyungan,wang1290,wang1290_REAL,N,0.65564,2.15564,2.0,1.34436,24,12,12
Wangkangurru,Pama-Nyungan,wang1290a,wang1290a_REAL,N,0.0,1.37878,1.0,1.0,7,12,6
Dharumbal,Pama-Nyungan,dhar1248a,dhar1248a_REAL,N,0.0,1.95021,1.0,1.0,7,12,8
Yadhaykenu,Pama-Nyungan,yadh1237,yadh1237_REAL,N,0.0,1.95021,1.0,1.0,7,20,8
Warlpiri,Pama-Nyungan,warl1254,warl1254_REAL,N,1.34707,2.28416,2.25163,0.90456,40,20,12
Gupapuyngu,Pama-Nyungan,gupa1247,gupa1247_REAL,N,1.40854,2.40855,2.48171,1.07317,36,20,13
Ngarinyman,Pama-Nyungan,ngar1235,ngar1235_REAL,N,1.0,1.75,2.0,1.0,24,20,8
Karuwali,Pama-Nyungan,karr1236,karr1236_REAL,N,0.0,0.9183,1.0,1.0,3,4,4
Warnman,Pama-Nyungan,wanm1242,wanm1242_REAL,N,0.5,1.75,1.5,1.0,24,20,8
Warumungu,Pama-Nyungan,waru1265,waru1265_REAL,N,1.0,2.0,2.0,1.0,24,20,10
Thayore_(Kuuk_Thaayorre),Pama-Nyungan,thay1249,thay1249_REAL,N,1.53013,2.97356,2.26346,0.73333,23,20,14
Wulguru,Pama-Nyungan,wulg1239,wulg1239_REAL,N,0.9183,1.4183,2.25163,1.33333,40,20,9
WikMungkan,Pama-Nyungan,wikm1247,wikm1247_REAL,N,1.72193,2.52193,2.72193,1.0,20,16,13
Yarluyandi,Pama-Nyungan,ngam1265,ngam1265_REAL,N,1.0,1.75,2.0,1.0,24,20,8
Arabana,Pama-Nyungan,arab1267a,arab1267a_REAL,N,0.0,1.37878,1.0,1.0,7,12,6
Warrnambool,Pama-Nyungan,warr1257,warr1257_REAL,N,0.0,1.95021,1.0,1.0,7,20,8
Adnyamathanha,Pama-Nyungan,adny1235,adny1235_REAL,N,1.15564,2.15564,2.0,0.84436,24,20,9
Kaurna,Pama-Nyungan,kaur1267,kaur1267_REAL,N,1.12193,2.12193,1.92193,0.8,40,16,9
Yugambal_(Yugambeh),Pama-Nyungan,yuga1244,yuga1244_REAL,N,0.99252,2.22671,1.95861,0.96609,38,19,11
Malgana,Pama-Nyungan,malg1242,malg1242_REAL,N,0.0,2.0,1.0,1.0,8,8,8
Yulparija,Pama-Nyungan,yulp1239,yulp1239_REAL,N,1.0,2.25,2.0,1.0,24,20,10
Muruwari,Pama-Nyungan,muru1266,muru1266_REAL,N,1.09307,2.52164,1.95021,0.85714,20,20,11
Duungidjawu,Pama-Nyungan,duun1241,duun1241_REAL,N,0.7642,2.28104,1.54198,0.77778,11,20,9
Badimaya,Pama-Nyungan,badi1246,badi1246_REAL,N,0.0,2.0,1.0,1.0,8,20,8
Ngaanyatjarra,Pama-Nyungan,ngaa1240,ngaa1240_REAL,N,1.0,1.75,2.25,1.25,24,20,9
Payungu,Pama-Nyungan,bayu1240,bayu1240_REAL,N,1.0,1.75,2.0,1.0,24,20,8
Nhanta,Pama-Nyungan,nhan1238,nhan1238_REAL,N,1.52193,2.12193,2.32193,0.8,40,16,9
Jaru,Pama-Nyungan,jaru1254,jaru1254_REAL,N,0.72193,2.20161,1.92193,1.2,32,20,12
Umpila,Pama-Nyungan,umpi1239,umpi1239_REAL,N,0.94566,1.32218,2.3093,1.36364,15,20,8
Kuku-Yalanji,Pama-Nyungan,kuku1273,kuku1273_REAL,N,1.25715,2.17574,2.25715,1.0,39,20,12
Wakaya,Pama-Nyungan,waga1260,waga1260_REAL,N,1.26346,2.44022,1.99679,0.73333,23,20,10
Yandruwandha,Pama-Nyungan,yand1253,yand1253_REAL,N,1.15564,2.15564,2.0,0.84436,24,20,9
Pitjantjatjara,Pama-Nyungan,pitj1243,pitj1243_REAL,N,0.61749,1.78416,2.25163,1.63414,16,20,12
Nyangumarta,Pama-Nyungan,nyan1301,nyan1301_REAL,N,1.0,1.75,2.0,1.0,24,20,8
Diyari,Pama-Nyungan,dier1241,dier1241_REAL,N,1.54644,2.40869,2.52193,0.97549,32,16,12
Kariyarra,Pama-Nyungan,kari1304,kari1304_REAL,N,0.95048,2.56619,2.51655,1.56607,39,20,19
Dyirbal,Pama-Nyungan,dyir1250,dyir1250_REAL,N,1.58496,2.9183,3.25163,1.66667,40,20,24
Gunya,Pama-Nyungan,guny1241,guny1241_REAL,N,0.0,2.0,1.0,1.0,8,20,8
Pitta_Pitta,Pama-Nyungan,pitt1247,pitt1247_REAL,N,0.9183,2.52206,1.9183,1.0,40,20,12
Wangkajunga,Pama-Nyungan,wang1288,wang1288_REAL,N,0.5615,1.48008,1.90933,1.34783,39,20,11
Djambarrpuyngu,Pama-Nyungan,djam1256,djam1256_REAL,N,1.5,2.25,2.0,0.5,24,20,8
Yandruwandha,Pama-Nyungan,yand1253a,yand1253a_REAL,N,0.0,1.37878,1.0,1.0,7,20,6
Biri,Pama-Nyungan,biri1256,biri1256_REAL,N,1.52193,2.72193,1.92193,0.4,32,20,11
Wangkumara,Pama-Nyungan,wong1246,wong1246_REAL,N,0.0,2.0,1.0,1.0,8,12,8
Wiradjuri,Pama-Nyungan,wira1262,wira1262_REAL,N,0.9183,1.58496,1.9183,1.0,40,20,10
Bindal,Pama-Nyungan,bind1236,bind1236_REAL,N,0.0,1.0,1.0,1.0,4,4,4
Guugu_Yimidhirr,Pama-Nyungan,gugu1255,gugu1255_REAL,N,1.5,3.0,2.5,1.0,24,20,16
Kala_Lagaw_Ya,Pama-Nyungan,kala1377,kala1377_REAL,N,0.00073,0.99864,1.93211,1.93138,39,20,8
Yindjibarndi,Pama-Nyungan,yind1247,yind1247_REAL,N,1.0,2.5,2.0,1.0,24,20,12
Margany,Pama-Nyungan,marg1253,marg1253_REAL,N,0.0,2.0,1.0,1.0,8,20,8
Yugambeh,Pama-Nyungan,yugu1249,yugu1249_REAL,N,0.9183,1.58496,2.25163,1.33333,40,20,11
Yalarnnga,Pama-Nyungan,yala1262a,yala1262a_REAL,N,0.67147,1.54515,1.97849,1.30702,39,14,9
Djinang,Pama-Nyungan,djin1253,djin1253_REAL,N,1.0,2.5,1.5,0.5,24,12,9
Kartujarra,Pama-Nyungan,kart1247,kart1247_REAL,N,0.98418,2.52193,1.84644,0.86226,32,20,11
Dhuwal,Pama-Nyungan,dhuw1249,dhuw1249_REAL,N,0.98523,1.61058,1.98523,1.0,38,12,8
Diyari,Pama-Nyungan,dier1241a,dier1241a_REAL,N,1.86293,3.01043,2.87553,1.0126,35,20,18
Gurindji,Pama-Nyungan,guri1247,guri1247_REAL,N,1.0,1.75,2.0,1.0,24,16,8
Yalarnnga,Pama-Nyungan,yala1262,yala1262_REAL,N,0.9183,1.4183,1.9183,1.0,40,20,8
Alyawarr,Pama-Nyungan,alya1239,alya1239_REAL,N,1.5,2.75,2.0,0.5,24,20,10
Kuuku_Ya'u,Pama-Nyungan,kuuk1238,kuuk1238_REAL,N,1.01947,2.16198,1.86562,0.84615,19,20,9
Warungu,Pama-Nyungan,waru1264,waru1264_REAL,N,0.0,2.75,1.0,1.0,8,20,14
PintupiLuritja,Pama-Nyungan,pint1250,pint1250_REAL,N,1.0,1.75,2.0,1.0,24,20,8
Mudburra,Pama-Nyungan,mudb1240,mudb1240_REAL,N,1.0,1.75,2.0,1.0,24,12,8
Djinang,Pama-Nyungan,djin1253a,djin1253a_REAL,N,1.53012,2.30689,1.99679,0.46667,23,12,10
Yidiny,Pama-Nyungan,yidi1250,yidi1250_REAL,N,1.0,1.75,2.0,1.0,24,20,8
Uradhi_(Atampaya),Pama-Nyungan,atam1239,atam1239_REAL,N,0.0,1.37878,1.0,1.0,7,12,6
Ritharrngu,Pama-Nyungan,rita1239,rita1239_REAL,N,1.5087,2.24644,2.24644,0.73774,32,20,9
Ngiyambaa,Pama-Nyungan,wang1291,wang1291_REAL,N,0.9183,1.58496,1.9183,1.0,40,20,10
Gumbaynggir,Pama-Nyungan,kumb1268,kumb1268_REAL,N,1.39215,2.28104,2.28104,0.88889,32,16,11
Wajarri,Pama-Nyungan,waja1257,waja1257_REAL,N,0.72193,1.92193,1.52193,0.8,12,20,7
Yidiny,Pama-Nyungan,yidi1250a,yidi1250a_REAL,N,0.0,1.37878,1.0,1.0,7,20,6
Warlmanpa,Pama-Nyungan,warl1255,warl1255_REAL,N,1.0,1.75,2.0,1.0,24,12,8
MartuWangka,Pama-Nyungan,mart1256,mart1256_REAL,N,1.19975,2.58496,1.9183,0.71855,40,20,11
Bandjalang,Pama-Nyungan,band1339,band1339_REAL,N,1.52205,2.93872,2.58496,1.06291,40,20,18
Yuwaalaraay,Pama-Nyungan,gami1243,gami1243_REAL,N,1.15564,2.40564,2.0,0.84436,24,20,11
Yorta_Yorta,Pama-Nyungan,yort1237,yort1237_REAL,N,0.0,2.0,1.0,1.0,8,12,8
Ngarluma,Pama-Nyungan,ngar1287,ngar1287_REAL,N,0.0,2.0,1.0,1.0,8,12,8
Nyamal,Pama-Nyungan,nyam1271,nyam1271_REAL,N,0.99679,2.17356,1.99679,1.0,23,20,10
Arabana,Pama-Nyungan,arab1267,arab1267_REAL,N,1.0,2.25,2.0,1.0,24,16,10
Ngadjumaya,Pama-Nyungan,ngad1258,ngad1258_REAL,N,0.0,2.0,1.0,1.0,8,16,8
Kunjen,Pama-Nyungan,kunj1248,kunj1248_REAL,N,1.03624,2.50326,2.14735,1.11111,11,12,13
Kukatja,Pama-Nyungan,kuka1246,kuka1246_REAL,N,0.25163,1.58496,2.08496,1.83333,40,20,13
Guugu_Yimidhirr,Pama-Nyungan,gugu1255a,gugu1255a_REAL,N,1.01014,2.92552,2.12992,1.11978,39,20,18
Ngarla,Pama-Nyungan,ngar1286,ngar1286_REAL,N,0.0,2.0,1.0,1.0,8,4,8
Kalkatungu,Pama-Nyungan,kalk1246,kalk1246_REAL,N,1.12581,1.95915,2.58496,1.45915,40,20,12
Nyawaygi,Pama-Nyungan,nyaw1247,nyaw1247_REAL,N,0.0,1.95021,-0.0,-0.0,7,12,4
Karajarri,Pama-Nyungan,kara1476,kara1476_REAL,N,1.09614,1.96982,1.97849,0.88235,27,20,9
Ngarrindjeri,Pama-Nyungan,narr1259,narr1259_REAL,N,0.41997,1.37095,1.97095,1.55098,14,12,8
Pirriya,Pama-Nyungan,pirr1240,pirr1240_REAL,N,0.0,2.0,1.0,1.0,8,4,8
Wathwurrung,Pama-Nyungan,wath1238,wath1238_REAL,N,0.0,1.95021,1.0,1.0,7,20,8
Warlpiri,Pama-Nyungan,warl1254a,warl1254a_REAL,N,0.94067,2.5777,2.58219,1.64152,39,20,20
Dharumbal,Pama-Nyungan,dhar1248,dhar1248_REAL,N,0.0,2.0,1.0,1.0,8,20,8
Wirangu,Pama-Nyungan,wira1265,wira1265_REAL,N,1.52193,2.32193,2.52193,1.0,32,20,12
Woiwurrung,Pama-Nyungan,woiw1237,woiw1237_REAL,N,0.0,2.0,1.0,1.0,8,12,8
Bunganditj,Pama-Nyungan,bung1264,bung1264_REAL,N,1.93002,2.69747,2.75611,0.82609,39,20,14
Yanyuwa,Pama-Nyungan,yany1243,yany1243_REAL,N,1.0,1.75,2.25,1.25,24,20,9
Gumatj,Pama-Nyungan,guma1253,guma1253_REAL,N,0.77995,1.89106,1.53049,0.75054,28,20,7
Shipibo,Pano-Tacanan,ship1254,ship1254_REAL,N,1.18872,2.35539,2.75163,1.56291,40,20,16
Spokäne,Salishan,spok1245,spok1245_REAL,N,0.5,2.5,2.0,1.5,8,20,16
Okinaken,Salishan,okan1243,okan1243_REAL,N,0.0,2.5,1.0,1.0,8,12,12
Burmese,Sino-Tibetan,burm1266,burm1266_REAL,N,0.18873,2.68872,0.9183,0.72957,8,19,11
Burmese,Sino-Tibetan,nucl1310,nucl1310_REAL,N,0.0,2.52164,1.0,1.0,7,20,12
Dzonghka_Wang,Sino-Tibetan,wang1287,wang1287_REAL,N,0.0,1.95021,1.0,1.0,7,20,8
Chepang,Sino-Tibetan,chep1245,chep1245_REAL,N,0.0,1.95021,1.0,1.0,7,20,8
Dzonghka_Sha,Sino-Tibetan,dzon1239,dzon1239_REAL,N,0.0,1.95021,1.0,1.0,7,20,8
Karen,Sino-Tibetan,kare1337,kare1337_REAL,N,0.0,2.25,1.0,1.0,8,20,10
Chinese,Sino-Tibetan,sini1245,sini1245_REAL,N,0.0,2.0,1.0,1.0,8,20,8
Karen_(Pwo_dialect),Sino-Tibetan,pwoo1239,pwoo1239_REAL,N,0.0,2.25,1.0,1.0,8,20,10
Sangtam_Naga,Sino-Tibetan,sang1321,sang1321_REAL,N,0.0,1.37878,1.0,1.0,7,20,6
Suzhou,Sino-Tibetan,suzh1234,suzh1234_REAL,N,0.0,1.95021,1.0,1.0,7,18,8
Prakaa,Sino-Tibetan,prak1243,prak1243_REAL,N,0.0,1.52193,1.0,1.0,5,10,6
Suzhou,Sino-Tibetan,shan1293,shan1293_REAL,N,0.0,1.52193,1.0,1.0,5,18,6
Karen_(Sgau_dialect),Sino-Tibetan,sgaw1245,sgaw1245_REAL,N,0.0,2.0,1.0,1.0,8,20,8
Manange,Sino-Tibetan,mana1288,mana1288_REAL,N,0.87398,2.02749,2.75748,1.8835,37,16,16
Lisu,Sino-Tibetan,lisu1250d,lisu1250d_REAL,N,0.0,2.0,0.9183,0.9183,8,19,8
Sherpa,Sino-Tibetan,sher1255,sher1255_REAL,N,0.0,1.95021,-0.0,-0.0,7,12,4
Jinghpaw,Sino-Tibetan,jing1260,jing1260_REAL,N,0.0,1.37878,1.0,1.0,7,4,6
Lisu,Sino-Tibetan,lisu1250b,lisu1250b_REAL,N,0.0,2.0,0.9183,0.9183,8,19,8
Lisu,Sino-Tibetan,lisu1250c,lisu1250c_REAL,N,0.0,2.0,0.9183,0.9183,8,19,8
Lisu,Sino-Tibetan,lisu1250a,lisu1250a_REAL,N,0.0,2.0,0.9183,0.9183,8,19,8
Turung,Tai-Kadai,turu1249,turu1249_REAL,N,0.0,1.95021,1.0,1.0,7,20,8
Dehong,Tai-Kadai,deho1238,deho1238_REAL,N,0.0,1.37878,1.0,1.0,7,16,6
Tenharim,Tupian,tenh1241,tenh1241_REAL,N,1.25163,2.08496,2.58496,1.33333,40,20,12
Tapirapé,Tupian,tapi1254,tapi1254_REAL,N,0.0,2.5,1.0,1.0,8,20,12
Sirionó,Tupian,siri1273,siri1273_REAL,N,1.21839,1.76384,1.93626,0.71787,36,20,8
Kayabí,Tupian,kaya1329,kaya1329_REAL,N,0.91829,1.75163,2.58496,1.66667,40,20,16
Mbyá_Guaraní,Tupian,mbya1239,mbya1239_REAL,N,0.0,-0.0,2.68872,2.68872,40,20,7
Pauserna,Tupian,paus1244,paus1244_REAL,N,0.67347,2.50274,2.12095,1.44748,24,20,17
Avá_Canoeiro,Tupian,avac1239,avac1239_REAL,N,0.0,1.5,1.0,1.0,4,4,6
Cocama_Cocamilla,Tupian,coca1259,coca1259_REAL,N,0.6175,1.95083,1.9183,1.3008,40,20,12
Awetí,Tupian,awet1244,awet1244_REAL,N,0.91829,1.75163,2.68872,1.77043,40,20,17
Mundurukú,Tupian,mund1330,mund1330_REAL,N,1.0538,3.25776,2.26571,1.21191,23,12,23
Araweté,Tupian,araw1273,araw1273_REAL,N,1.3037,2.74644,2.5537,1.25,35,20,19
Tupí,Tupian,tupi1274,tupi1274_REAL,N,0.35589,2.63296,2.25715,1.90126,39,20,25
Emerillon,Tupian,emer1243,emer1243_REAL,N,0.31128,1.0,0.81128,0.5,13,16,3
Parakanã,Tupian,para1312,para1312_REAL,N,1.0,1.5,2.0,1.0,14,10,6
Guarayu,Tupian,guar1292,guar1292_REAL,N,0.34975,2.52164,1.49261,1.14286,7,20,13
Karitiana,Tupian,kari1311,kari1311_REAL,N,0.81128,2.5,1.81128,1.0,14,15,12
Kamayurá,Tupian,kama1373,kama1373_REAL,N,0.9183,1.75163,2.75163,1.83333,40,20,17
Kaiwá,Tupian,kaiw1246,kaiw1246_REAL,N,0.0,2.80735,1.0,1.0,7,20,14
Jurúna,Tupian,juru1256,juru1256_REAL,N,1.32486,2.75343,2.37878,1.05392,24,20,14
Tupinambá,Tupian,tupi1273,tupi1273_REAL,N,0.98523,2.52164,1.84237,0.85714,20,16,11
Wayampi,Tupian,waya1270,waya1270_REAL,N,0.74932,2.71929,1.57662,0.8273,18,20,12
Anambé,Tupian,anam1249,anam1249_REAL,N,0.0,2.0,1.0,1.0,4,12,8
Paraguayan_Guaraní,Tupian,para1311,para1311_REAL,N,1.02717,2.82307,2.39081,1.36364,38,20,24
Suruí,Tupian,suru1262,suru1262_REAL,N,0.25163,1.58496,1.9183,1.66667,40,20,12
Sateré_Mawé,Tupian,sate1243,sate1243_REAL,N,1.0,2.25,2.0,1.0,16,6,10
Guajá,Tupian,guaj1256,guaj1256_REAL,N,1.34948,2.84948,2.75163,1.40215,40,20,20
Aché,Tupian,ache1246,ache1246_REAL,N,0.27205,1.58496,1.62581,1.35376,40,20,13
Proto_Tupi_Guarani,Tupian,tupi1276,tupi1276_REAL,N,0.0,2.5,1.0,1.0,8,20,12
Chiriguano,Tupian,east2555,east2555_REAL,N,1.00163,1.75163,3.02206,2.02043,40,20,20
Cinta_Larga,Tupian,cint1239,cint1239_REAL,N,0.92193,2.72193,1.72193,0.8,32,20,12
Tembé,Tupian,temb1276,temb1276_REAL,N,0.0,2.23593,1.0,1.0,7,20,10
Tocantins_Asurini,Tupian,toca1235,toca1235_REAL,N,1.84644,2.92193,2.54644,0.7,32,20,16
Nogai,Turkic,noga1249,noga1249_REAL,N,0.9183,1.58496,2.25163,1.33333,40,20,11
Kumyk,Turkic,kumy1244,kumy1244_REAL,N,0.9183,1.58496,1.9183,1.0,40,20,10
North_Azerbaijani,Turkic,nort2697,nort2697_REAL,N,0.91829,1.58496,2.58496,1.66667,40,20,12
Turkish,Turkic,nucl1301,nucl1301_REAL,N,0.91829,1.4183,2.58496,1.66667,40,20,10
Kazakh,Turkic,kaza1248,kaza1248_REAL,N,0.0,1.9183,1.0,1.0,6,20,8
KazymKhanty,Uralic,nort2672,nort2672_REAL,N,1.28067,2.03067,3.08496,1.80429,40,20,16
Komi_Zyrian,Uralic,komi1268,komi1268_REAL,N,0.91829,1.58496,2.58496,1.66667,40,20,12
Mansi,Uralic,mans1258,mans1258_REAL,N,0.91829,1.58496,2.58496,1.66667,40,20,12
Livonian,Uralic,livv1244,livv1244_REAL,N,0.0,-0.0,1.25163,1.25163,40,20,3
Udmurt,Uralic,udmu1245,udmu1245_REAL,N,0.9183,1.58496,1.25163,0.33333,40,20,9
NorthSaami,Uralic,nort2671,nort2671_REAL,N,0.91829,1.58496,2.58496,1.66667,40,20,13
Veps,Uralic,veps1250,veps1250_REAL,N,0.31669,0.81669,1.25163,0.93494,40,20,7
TundraNenets,Uralic,nene1249,nene1249_REAL,N,0.91829,1.4183,3.08496,2.16667,40,20,13
Magyar,Uralic,hung1274,hung1274_REAL,N,0.91829,1.58496,2.58496,1.66667,40,20,12
Selkup,Uralic,selk1253,selk1253_REAL,N,0.0,2.0,1.0,1.0,8,20,8
MeadowMari,Uralic,gras1239,gras1239_REAL,N,0.9183,1.58496,2.9183,2.0,40,20,14
Erzya,Uralic,erzy1239,erzy1239_REAL,N,0.54085,1.20752,2.25163,1.71078,40,20,11
HillMari,Uralic,west2392,west2392_REAL,N,0.91829,1.58496,2.68872,1.77043,40,20,13
Mari,Uralic,east2328,east2328_REAL,N,0.0,1.95021,1.0,1.0,7,20,8
SouthSaami,Uralic,sout2674,sout2674_REAL,N,0.31669,0.81669,2.58496,2.26827,40,20,11
Kazym_Berezover_Suryskarer_Khanty,Uralic,khan1273,khan1273_REAL,N,0.91829,1.58496,2.58496,1.66667,40,20,12
Estonian,Uralic,esto1258,esto1258_REAL,N,0.0,-0.0,1.25163,1.25163,40,20,3
Nganasan,Uralic,ngan1291,ngan1291_REAL,N,0.9183,1.4183,2.9183,2.0,40,20,12
ForestEnets,Uralic,fore1265,fore1265_REAL,N,0.9183,1.6683,2.25163,1.33333,40,20,13
Ingrian,Uralic,ingr1248,ingr1248_REAL,N,0.9183,1.25163,2.25163,1.33333,40,20,7
MokshaMordvin,Uralic,moks1248,moks1248_REAL,N,0.91829,1.58496,2.68872,1.77043,40,20,13
SkoltSaami,Uralic,skol1241,skol1241_REAL,N,0.0,-0.0,2.58496,2.58496,40,20,7
SosvaMansi,Uralic,nort2677,nort2677_REAL,N,0.91829,1.58496,2.11749,1.1992,40,20,11
Finnish,Uralic,finn1318,finn1318_REAL,N,0.0,-0.0,1.25163,1.25163,40,20,3
Bannock,Uto-Aztecan,bann1248,bann1248_REAL,N,0.0,1.95021,1.0,1.0,7,20,8
Kawaiisu,Uto-Aztecan,kawa1283,kawa1283_REAL,N,0.0,1.95021,1.0,1.0,7,10,8
Highland_Puebla_Nahuatl,Uto-Aztecan,high1278,high1278_REAL,N,0.0,1.0,1.0,1.0,40,4,4
Southern_Paiute,Uto-Aztecan,sout2969,sout2969_REAL,N,0.94566,2.1867,2.12748,1.18182,15,20,11
Southern_Ute,Uto-Aztecan,utee1244,utee1244_REAL,N,0.0,0.9183,1.0,1.0,3,20,4
Southeastern_Tepehuano,Uto-Aztecan,sout2976,sout2976_REAL,N,0.55678,1.15678,2.92193,2.36515,40,16,12
Huastec_Nahuatl,Uto-Aztecan,huas1257,huas1257_REAL,N,0.0,-0.0,-0.0,-0.0,1,10,1
Mayo,Uto-Aztecan,mayo1264,mayo1264_REAL,N,0.0,1.5,1.0,1.0,4,20,6
Tübatülabal,Uto-Aztecan,tuba1278,tuba1278_REAL,N,0.0,0.9183,1.0,1.0,3,10,4
Yaqui,Uto-Aztecan,yaqu1251,yaqu1251_REAL,N,0.0,1.84237,1.0,1.0,11,8,8
Tümpisha_Shoshoni,Uto-Aztecan,pana1305,pana1305_REAL,N,0.88654,2.17574,2.58219,1.69565,39,20,16
Hopi,Uto-Aztecan,hopi1249,hopi1249_REAL,N,0.0,1.90564,1.0,1.0,8,16,8
Shoshoni,Uto-Aztecan,shos1248,shos1248_REAL,N,0.0,1.95021,1.0,1.0,7,16,8
Northern_Paiute,Uto-Aztecan,nort2954,nort2954_REAL,N,0.0,1.52193,1.0,1.0,5,12,6
Tohono_O_odham,Uto-Aztecan,toho1245,toho1245_REAL,N,0.0,-0.0,1.0,1.0,2,10,2
Tubar,Uto-Aztecan,tuba1279,tuba1279_REAL,N,0.0,1.52193,-0.0,-0.0,5,3,3
North_Northern_Paiute,Uto-Aztecan,nort1551,nort1551_REAL,N,0.0,1.95021,1.0,1.0,7,20,8
Cupeño,Uto-Aztecan,cupe1243,cupe1243_REAL,N,1.58419,2.58418,2.72193,1.13774,32,20,18
Mono,Uto-Aztecan,mono1275,mono1275_REAL,N,0.0,1.95021,1.0,1.0,7,20,8
Gabrielino,Uto-Aztecan,tong1329,tong1329_REAL,N,0.61752,1.85856,2.09317,1.47565,15,20,11
Utahs_(Tabegwaches),Uto-Aztecan,utes1238,utes1238_REAL,N,0.0,2.75,1.0,1.0,8,12,14
Arizona_Yaqui,Uto-Aztecan,yaqu1251a,yaqu1251a_REAL,N,0.0,-0.0,1.0,1.0,1,3,2
Northern_Tepehuan,Uto-Aztecan,nort2959,nort2959_REAL,N,0.0,1.0,1.0,1.0,4,14,4
Eudeve,Uto-Aztecan,eude1234,eude1234_REAL,N,0.0,2.0,1.0,1.0,8,4,8
Tarahumara,Uto-Aztecan,cent2131,cent2131_REAL,N,1.12809,2.48523,2.59307,1.46498,24,16,17
Colorado_Ute,Uto-Aztecan,utee1244a,utee1244a_REAL,N,0.0,1.95021,1.0,1.0,7,12,8
Opata,Uto-Aztecan,opat1246,opat1246_REAL,N,0.91829,1.58496,2.93872,2.02043,40,20,15
Huichol,Uto-Aztecan,huic1243,huic1243_REAL,N,0.0,-0.0,1.0,1.0,1,6,2
White_Mesa_Ute,Uto-Aztecan,utee1244b,utee1244b_REAL,N,0.0,-0.0,-0.0,-0.0,2,6,1
Cora,Uto-Aztecan,elna1235,elna1235_REAL,N,0.0,1.52193,1.0,1.0,5,6,6
Serrano,Uto-Aztecan,serr1255,serr1255_REAL,N,1.62993,3.26847,2.92517,1.29524,36,17,25
Guarijio,Uto-Aztecan,huar1255,huar1255_REAL,N,0.0,1.95021,1.0,1.0,7,14,8
Southern_Tepehuan,Uto-Aztecan,sout2975,sout2975_REAL,N,0.0,0.98523,1.0,1.0,7,14,4
Comanche,Uto-Aztecan,coma1245,coma1245_REAL,N,0.62612,2.72193,2.22612,1.6,32,20,20
Luiseńo,Uto-Aztecan,luis1253,luis1253_REAL,N,1.82193,2.62193,2.62193,0.8,32,20,13
Cahuilla,Uto-Aztecan,cahu1264,cahu1264_REAL,N,1.6391,2.48346,2.78064,1.14154,30,18,16
Lower_Pima_Pima_Bajo,Uto-Aztecan,pima1248,pima1248_REAL,N,0.0,-0.0,1.0,1.0,4,14,2
Chemehuevi,Uto-Aztecan,chem1251,chem1251_REAL,N,1.0,1.5,1.5,0.5,34,6,4
Aztec,Uto-Aztecan,clas1250,clas1250_REAL,N,0.0,1.0,1.0,1.0,8,20,4
